id,content_anonymized,label,GPT5.5_Medium
1,"Y chang luôn, nơi duy nhất để thi hành án là trên giường, tay phải để phía trên đầu, chỉ đánh vào mông, hỏi lỗi khi bình tĩnh và phân tích khi biết lỗi. Nên mình chưa bao giờ thấy ấm ức hay không phục sau đó cả. Mình cực thích cách giáo dục này của ba mẹ mình",,2
2,"Riêng t hồi đó cũng bị đánh, nhưng từ khi lên 9 10t j đó k nhớ thì t đã biết dùng lý lẽ để thuyết phục r nên k bị đánh nữa. Có thể do t hên khi ở trong 1 gia đình biết lắng nghe. Do đó đối vs t nhà luôn là nơi trở về, nơi chia sẻ những câu chuyện và bài học cuộc sống. Có lẽ bạn cũng nên thử mở lời vs bố mẹ về cảm xúc xấu hổ của bạn khi bị đánh xem sao, đồng thời cũng nên tự nhận lỗi trc, hãy cho bố mẹ thấy sự trưởng thành của bạn, vì khi còn đánh là họ vẫn xem bạn là trẻ con đó😁",,2
3,Muốn cmt lắm mà nó k có ẩn danh,,1
4,[NAME] ơi chị check ib xíu vs ạ,,1
5,Đc học và giảng giải là 1 đặc ân. Người ko có ba như mình thì ước được như bạn và củng ngược lại...,,2
6,là mình thì mình dỗi bỏ nhà vài hôm 🐧,,0
7,[NAME] 🌊 đâu phải chỉ có em đâu mà mấy anh cũng dùng cách như vậy để giáo huấn các em mà,,1
8,[NAME] huấn bằng cây thịt của mấy anh hả kkk,,1
9,[NAME] cây của anh sao dám giáo huấn em nào,,1
10,[NAME] khó nói luôn  kkk,,1
11,"Đồng Phạm Xuân mình không bị đánh, mình bị chích điện",,0
13,"Mỗi người có sức học khác nhau không ai giống ai, em chọn ngành nào đó là quyết định của em trong sự tự do chọn lựa, cố gắng đi tới cuối cùng để tạo ra một bản thân có giá trị mà ai cũng phải chào đón và ngưỡng mộ nha ❤️ dáng vẻ đẹp nhất là dáng vẻ mà em đang nỗ lực từng ngày phát triển bản thân mình 🍀",,2
14,"[NAME] t dạy m s, s nói bạn v",,1
15,[NAME] t nói m với [NAME],,1
16,"=))))))) mới tốt nghiệp nna xong, đọc bài này tự ái ngang, chưa kể còn chính người trong trường mình chửi (như lời chủ tus nói)
ngắn gọn thì có người này người kia, nên các em hãy lắng nghe thật đúng người và đúng với lòng mình, tương lai sau này do mình quyết định.",,2
17,Ra kiếm tiền hơn nhau rồi nói chuyện nhé em. Quan tâm chi :>,,1
18,[NAME] cậu toàn nói chí phải kk,,1
20,[NAME] hay quá sếp ơi,,1
21,Mình tự hào khi là sv DNTU,,1
22,Ngọc Hà mình cũng v ước j mai mốt mình theo nghề làm giảng viên ở đây😳,,1
24,Ngọc Thư Quyên [NAME] mấy bạn ơi ngta nhận xét ngành NNA mik kìa 😢😢😢,,1
25,[NAME] kệ bà ơi :))))) miệng đời làm shao mak né🥹🥹,,1
26,"[NAME] là hệ j thế, ra trường lâu quá ko biết",,1
27,[NAME] ngôn ngữ anh,,1
28,"[NAME] trời đất, em nhớ thời em học thì làm j có hệ nào hay hệ nào dở, giờ lạ quá:))",,1
29,Lứa a học còn bị nói gì lứa em 🤣,,1
30,"Là sao , ai tóm tắt giùm",,1
31,[NAME] khoa QTKD của bạn bị nói 6 kìa,,1
33,Khang NguyễnNguyễn [NAME] bớt đẳng cấp 1 chút để sống hoà đồng nha,,1
34,[NAME] biết sao h,,1
35,[NAME] có đẳng cấp đâu mà bớt,,1
36,[NAME] ước j bớt đẳng cấp 1 chút để sống hoà bình thì tốt biết bao,,1
37,[NAME] đi đâu cũng bị nói v,,1
38,Quynh Anh [NAME] mình hệ gì,,1
39,"[NAME] hệ cúp học, hệ drama:))))",,1
40,đến ạ Đình Đức 🌊 lun á sao làm như vậy :((,,1
41,[NAME] mãi iu mãi iu hả kkk,,1
44,[NAME] ra trường rồi muốn nói gì nói hả mậy,,1
45,"[NAME] yêu trường của tôi 😍
Tôi có thể yêu trường của tôi trong 4 ngày
Ngày xuân🌷, ngày hạ🌞, ngày thu🍂, và ngày đông❄️
Tôi yêu giảng viên của tôi 🥰
Chắc là 3 ngày thôi
Ngày hôm qua, hôm nay và ngày mai
Tôi yêu bạn của tôi, người luôn kề vai sát cánh
2 ngày thôi thì sao ?
Ngày sáng 🌄và ngày tối🌃
Tôi yêu ngành học của tôi
1 ngày thôi là đủ
Mỗi ngàyyyyy 🥰",,2
46,"[NAME] đọc để hiểu cho mấy em nè m, lẹ",,1
47,[NAME] bạn đúng ko,,1
48,[NAME] tui làm gì văn thơ dài được vậy fen,,1
49,[NAME] tự hào sv DNTU,,1
50,Khánh Toàn con mẹ cảm xúc qua cậu ơi ước j tôi cũng nói đc như v,,1
51,[NAME] dẫn dắt đàn em kỳ vậy😁,,1
52,[NAME] thôi kệ đi,,1
53,[NAME] tự hào là svien DNTU 🥰,,1
54,[NAME] đàn a cho ý kiến,,1
55,[NAME] lần sau chừa em nhé,,1
56,[NAME] áp lực quá😔,,0
58,Như Quỳnh Khanh Tran Thanh Tuyền Nguyễn Linh Bui Kieu Anh,,1
59,[NAME] Hồ Thiên Sinh Dương Đoàn tụi m xin lỗi ngta đi kìa,,1
60,[NAME] fix bug chưa đủ thời gian nữa mà thời gian đâu ra toxic 🥲,,1
61,Quân Lê thằng này à e,,1
62,Đào Ngọc Huy xì xà xì xằng,,1
63,[NAME] 2 m cũng đi hóng dữ =)),,1
65,"Trước chị cũng nghe thầy cô nói hoài ngành kế toán của chị sẽ bị thay thế bởi AI này nọ. Nhưng mà khi chị đi thực tập rồi mới biết, cái AI chả là cái gì cả vì ngành này cần phải là người thực hiện, người làm chứ ko phải là con AI. Lên tờ khai ra sao, kiểm toán thế nào, con số này 10 năm trước nó ở đâu ra, chênh lệch số giữa tờ khai và sổ sách thì phải làm sao đây... Thách luôn đố 1 con AI nào có thể giải quyết được",,1
66,[NAME] : nếu k phải AI viết thì bài này cũng ...,,1
67,90kg ra chơi lọt đúng cái tay,,1
68,được 500k thì huề vốn thôi có đâu ăn lẩu,,1
71,[NAME] thoi con xin,,1
72,[NAME] lạy bố kkk,,1
74,Ng Quynh [NAME] bà giỡn hoài nha bà như,,1
76,"Nếu anh là Hình thì em sẽ là bóng
Còn nếu anh là bóng, mình sẽ là chị em",,1
77,"Gặp dân anh chị rồi em, lúc anh lúc chị",,1
78,[NAME] kim cương quan điểm :)))))),,1
79,[NAME] đọc phát hiểu liền,,1
80,Anh lên hỏng có nổi bé oi,,1
81,Sơ mi trắng thì ok mà thêm quần tím thì khả năng chị e với bạn đó 🙃,,2
82,[NAME] còn hóng nữa ku 🤣,,1
83,bạn này tốt ghê nghĩ là trai trường không tốt chứ k nghĩ bạn ấy g*y,,1
85,Thấy quần tím rồi mà còn sáp dô,,1
86,Ri Ri dấu hiệu nhận bik hay j,,1
87,Ảnh hong thích con gái đó e,,0
88,[NAME] Oanh ngta đã mặc quần tím rồi còn hỏi nựa,,1
89,Nếu e Ko tin thì để a Tính lên đùi ảnh ngồi là biết liền à,,1
90,Nhanh trí lấy cái quần trùm vô r chạy 😄,,1
91,Quốc Đô anh không ác ai ác 😅,,1
92,Trà Nguyễn a biết gì đâu tue vấn giùm mấy đứa e 😄 😄,,1
93,Quốc Đô đúng cựu sv có khác,,1
94,"""trường này bot nhiều lắm em"" từng muốn vô trường nghe câu đổi trường liền luôn ní :((",,1
95,"đã quần tím r còn kêu "" anh ơi "" nữa",,1
96,Anh nào ?? Chỉ mò Nguyễn Toàn,,1
97,Đình Chí m lại gài nữa bạn toàn có đời nào mặc quần tím :)))),,1
98,[NAME] ngoài ra còn màu hường nữa,,1
101,Chắc a đang tới ngày lên hơi cọc đó e 🥴,,1
102,[NAME] cho a này xin lỗi sáng a hơi cọc cho ảnh bù bằng 1 buổi đi chơi dc k,,1
103,[NAME] bảo đừng kể ai r mà,,1
104,A đã v còn gặp bánh bèo nữa,,1
105,Quần tím thì là .....tím rồi:))),,1
106,[NAME] tấm chiếu chưa nằm gọi là dì…?,,1
107,Khả năng là anh [NAME] 🐧,,1
108,[NAME] im mồm,,1
109,Ánh Trương Tú Trân bà nội ơi bà nội,,1
110,[NAME] oii troi đất ơi,,1
111,À v hả…chúc mừng e :)),,2
114,[NAME] :)))) zì z Kha. Này là dân anh chị rồi Kha ơi. Chứ gặp tui là khác rồi. 😋,,1
115,[NAME] kkk hay Anh [NAME],,1
116,[NAME] tui đang nghi ngờ người viết cfs này là bạn đó Kha.🤣,,1
117,[NAME] kkkk tui lạy bạn à,,1
118,[NAME] chắc hôm bữa Kha đi tán anh nào ở đó á Nam. 🤣,,1
119,Tuấn Péo anh dựng hỏng có nổi pé ơi =))),,1
121,[NAME] 🌊 sao phủ dị anh,,1
124,[NAME] lấy hình piccolo đi,,1
125,[NAME] Đâu thật ra thì tiếp cận kiểu ngọt ngọt thì hay là đa cấp 😄,,1
126,[NAME] anh đến chịu chú rồi,,1
127,[NAME] chú khó tính vậy sao,,1
128,[NAME] kkk,,1
129,[NAME] quần tím là nghi ròi,,1
130,Thương tha anh iii bé ơiii :)))),,1
131,Sao chê ngta vậy [NAME] =))),,1
132,[NAME] ko biết gì hết 😂,,1
133,Sang Phú sao tệ v bro,,1
134,trên trường tui hiền lắm fen ơi:)))),,1
136,[NAME] phải chị k zị,,1
137,Minh Trọng chị chị em em nên bín dùm:)),,1
138,Minh Thuận sao chị ác vs ngta v,,1
139,Quỳnh Như chị mò hẹ hẹ,,1
140,[NAME] hẳn là quần tím lun mừ,,1
141,chảnh v chỉ có anh [NAME] đúng không [NAME],,1
142,Duc An anh áo trắng quần tím,,1
143,Kim Anh mấy em h bạo ghê hen,,1
144,[NAME] lại em à em,,1
145,[NAME] m tha tao đi,,1
146,Thanh Sáng học tập đi,,1
147,Quách Quốc chắc ảnh tới ngày,,1
148,[NAME] lâu lâu tới tháng á mà,,1
149,[NAME] sao lại lm z,,1
150,hình như bạn đó tên [NAME] á,,1
151,[NAME] cũng muốn có ng bắt truyện kiểu đấy,,1
152,[NAME] ngta mặc màu tím còn ráng hỏi ^^,,1
153,Đào Minh Nhật Duy Toàn [NAME],,1
157,"Chị biết khoa gì nè, [NAME] chắc lun",,1
159,Ngọc Hân khó chịu dữ chèn,,0
160,Lỡ bạn em lấy của em thì sao :)),,1
161,"lại bảo vệ tố cáo yêu cầu check camera đi e, ko dc thì lên tới văn phòng nhờ hiệu trưởng lun😩",,1
162,Chắc mấy anh chị lấy nón của mày,,1
163,"Ôi em ơi, súc vật thì trường nào chả có hả em :))))",,1
164,[NAME] thế hệ nào cũng tồn tại à,,1
166,[NAME] cùng sinh đạo tặc thôi e 😂😂,,1
167,[NAME] TrAnh bây lấy hả trả nhỏ đi,,1
168,[NAME] cả tuần nay t còn chz bước chân zô trg nz 🤣,,1
169,[NAME] ò t cx ở nhà bữa h m oi,,1
170,cả  tháng nay chưa vô trường nữa,,1
171,[NAME] êy bà xạo nha bà,,1
172,5 năm trước anh sv năm nhất cũng k cánh mà bay nón bảo hiểm ở nhà xe🤣,,1
173,Anh có ghi ở xe là anh mượn mai trả mà,,1
174,[NAME] mày lấy phải không ? Đã dặn đừng quen tay nữa mà 😞,,1
175,[NAME] bảo thằng [NAME] trả ngta kìa trời,,1
176,[NAME] hùng lấy á bữa thấy nè,,1
177,[NAME] v mà k cản để ngta phốt nè 🙁,,0
178,[NAME] vừa ăn cướp vừa la làng,,1
179,[NAME]  cũng muốn mà ảnh bảo lấy nón cho girl friend,,1
180,Việt Hùng sau thiếu quá nói ae góp nha 🙁,,1
181,David Phan ông có lấy không có lấy thì trả cho em nó đi hây da không nên làm vậy nha ông 🙂,,1
182,Toan [NAME] z v ô! Đừng minh oan cho mk chứ!,,1
184,[NAME] chắc tao đội cái nón đi học luôn :)),,1
185,Duy Thái t vs m ko đội nói luôn cho oách xà lách =)),,1
186,Lấy trả cho bạn đi kìa ụ ẹ,,1
187,[NAME] bạn [NAME] còn đi học chắc chôm á mau trả lại bạn đó đi,,1
188,[NAME] anh đã nói bao nhiêu lần rồi tay chân cứ táy máy,,1
189,[NAME] ôi em lỡ luộc mất rồi,,1
191,Thanh Binh Minh Ngọc  [NAME]  tụi bây trả nón cho ẻm chưa,,1
192,[NAME] mới mượn đi chơi với ghệ để lát trả 😞,,1
193,[NAME] ủa tối thấy m mượn đi quánh lộn mà,,1
194,"Minh Ngọc dm rep m kh rep, rep quỷ già kia :))))",,1
195,"[NAME] [NAME] ôi bạn này tồi với tôi hôm qua h rồi, tôi quen rồi ^^",,1
196,"Minh Ngọc nó bị lộn, chứ tôi rep ròi",,1
198,Kim Hồng hoi có gi đâu sốc nhiều người còn ấy hơn mình mà,,1
199,[NAME] lấy chi để mang tiếng kìa,,1
201,[NAME] chỉ có thể là m thôi,,1
202,[NAME] trả cho người ta đi  :)))),,1
203,[NAME] má hết dép tới nón hả :))),,1
204,"Gì đớp của ngta quài z , 1 ngàn cũng lấy nửa rồi giờ tới nón Thanh Sáng",,1
205,[NAME] đi nghennn,,1
207,"Để ở trên phòng ngủ, dưới xe cũng mất thì ra là do đây🥲",,1
208,Um tôi xin lỗi bạn hộ thằng bạn tên [NAME],,1
209,"Nam Trần T mượn xíu trả thôi, mắc j tag t vô😒",,1
210,[NAME] um mượn mà để bị lên đây mắng vố kì wa mai trả ngta nha,,1
211,Đình Đỉnh cái tật mượn nón không bao giờ bỏ,,1
212,[NAME] má nói nghe tai tiếng quá cha,,1
213,[NAME] m lấy đúng không? Con tệ nạn này,,1
214,Tệ nạn cái m tag bạn :((,,1
215,[NAME] bé có lấy khum trả em nó kìa ;(((,,1
216,[NAME] lại là mày đúng không 😂,,1
217,[NAME] đr tất cả là do t làm hết đó,,1
218,Có ko giữ mất đừng tìm,,1
219,[NAME] Xuân 2 bây lên tận trên đó lấy à,,1
220,[NAME] hèn gì t có 3 cái,,1
221,Hà Huy Phúc sao hư quá vậy phúc sao lấy nón bạn ko trả,,1
223,Nón của mấy e nhỏ cũng k tha hả Trịnh Long Vũ,,1
224,[NAME] trả nón ngta đi bạn,,1
225,[NAME] đến nón con nít a cũng lấy ha a trí,,1
226,"[NAME] để nhỏ nói mặt, ai lấy nhục 8 đời luôn quá",,1
227,[NAME] mày lấy chứ gì. Trả ngta đi kìa,,1
228,Khánh Toàn sao nói nón hôm đó m mua mà,,1
229,[NAME] m có biết t bị nhảy 2 cái rồi k,,1
230,[NAME] là mua hay là lấy của nhỏ thì trả đi nha,,1
231,[NAME] ai thèm lấy trời,,1
232,[NAME] mới mua mà,,1
234,[NAME] Phuong Thu ui,,1
235,[NAME] ai lấy thế,,1
236,[NAME] dặn bao lần rồi là phải kĩ kĩ mà,,1
238,[NAME] mấy ac sv đó thiếu cả ý thức chứ thiếu j mấy cái nón này 🤣,,1
240,Thuỳ [NAME] đợi c xíu c qua trả liền😞,,1
241,[NAME] tra non cho em no nhanh,,1
242,"Chả có gì là dội gáo nước hay gì đâu bạn, mình theo lời bạn cũng là 1 “cựu sv” của trường, trong thời gian mình học cũng có 1,2 lễ TN diễn ra trong tuần, ngay cả lễ TN của mình cũng diễn ra giữa tuần đấy thôi ạ. Về người thân, nếu đủ thân thiết và quan trọng thì họ vẫn có thể sắp xếp chút ít thời gian đến chung vui với bạn được mà. Còn về trang phục ko biết khoá sau có được mặc tự do ko nhưng từ khoá trước mình cũng như khoá của mình thì trang phục được mặc định là nam nữ gì đều quần tây áo sơ mi thôi, dù đợt đó trường ra yêu cầu như thế bị sv complain quá trời nhưng hôm lễ TN vẫn phải mặc như thế🤷🏻‍♀️",,2
243,Ngộ thật cứ phải viết sớ rồi mới đổi,,1
244,"Này chỉ là demo thôi mà, còn dự lễ tốt nghiệp nữa :3
Phạm Quang Tuấn chia sẽ đôi lời về lễ tốt nghiệp vừa rồi đi em.",,2
245,[NAME]  à...ừ...thì......🙂,,1
246,"[NAME] đôi lời chất chứa vào ""dấu 3 chấm"" sao :3",,1
247,[NAME] thì cuối tuần mình ra nhà hàng quán nhậu mình làm lại lễ tốt nghiệp,,1
248,[NAME] này chắc viết hồi sáng giờ mới duyệt 🤡,,1
249,[NAME] viết ngày 22 23 giờ mới đc duyệt,,1
250,Đổi qua chủ nhật rồi hay sao đó hh,,1
251,Thời gian đã đổi qua ngày chủ nhật 5/10 rồi nhen,,1
253,[NAME] e có ý kiến dì kh,,1
254,[NAME] giờ ko lẽ t chửi thẳng trg lên đây thì nó kì chứ t nóng tai lắm rồi kk,,1
256,[NAME] thật la hoai niệm :)),,1
258,không rút đc đâu em ơi để đó mốt nạp thêm 1tr300 nữa làm lệ phí xét tốt nghiệp luôn,,1
259,:)) em nạp thêm 99tr800k để nhà trường hỗ trợ e ha.. neu 200k ko rút dc thì rút 100tr xem dc k,,1
260,"Mạnh Tiến đúng là fan cứng, bài nào cũng thấy cmt",,1
261,[NAME] :))) vô hóng chuyện zui mà,,1
262,[NAME] kkk nể anh luôn á,,1
263,dư 1củ mấy nghỉ học cũng k rút đc đành bỏ lun,,1
264,"đc bà ơi, ra 1 cửa xin rút cho hết á, mình cũng bị dư gửi mail trường hẹn lên rút nè",,1
265,Hồng Ngân đúng là sinh viên thì ai cũng sẽ có câu hỏi như nhau 😌,,1
266,Còn rút bằng này bằng kia nựa mà bà,,1
267,Rút ra bình thường. Nhưng lấy bằng xong đã,,1
268,Rút ầm ầm. Làm đơn ra 1 cửa là đc.,,1
271,"Để đó đi, mốt nạp thêm 1tr3 nữa xét tốt nghiệp luôn.",,1
273,[NAME] kinh nghiệm năm xưa rút 100k cho hay,,1
275,vẫn đang để làm kỷ liệm,,1
276,"Các em tân sinh viên đừng ngại nhé, ở đây các ac rất dui dẻ và hòa đồng 😎",,1
277,"Em tân sinh viên chào anh chị ạ, mong được làm quen ạ",,1
279,Ly Trần sao nói zậy 🤯,,1
281,[NAME] em chào chị,,1
282,Tân sinh viên ngành ngôn ngữ Anh xin chào mọi người ạ,,1
283,[NAME] có ổn hông em ơi c tham khảo cho cháu chị năm tới  😆,,1
284,[NAME] diên năm tư chào mấy iem nhoa😚,,1
285,Hi mình muốn làm quen,,1
286,"[NAME] hi bạn, bạn học ngành nào zzz",,1
287,[NAME] mình học môi trường ạaaa,,1
288,"Luan Nguyen hi, còn mình học cntt nhaa",,1
289,[NAME] xin chào bạn,,1
290,Em là tân sinh viên ngành điện- điện tử chào mn ạ,,1
291,"Trường Ơi ô tớ cũng học điện điện tử nè bạn , cho bạn chào tớ ấy",,1
292,HTram [NAME] lm quen vs tụi nhỏ kìa,,1
293,Chúc mấy em luôn vui vẻ như lúc nhập học nha 🐧,,2
294,[NAME] không biết có 2 em trai kia không 🥹,,1
295,[NAME] những khúc gỗ mới tinh 🤩,,1
296,Nguyên Ngọc Phương Duy VuTieu Băng Mi-a Nguyễn Nguyễn Hoàng Khánh các anh chị mến chào tân sinh viên dần đi nha 🥹🥹🥹,,1
297,E tân sinh viên năm 3 chào mn ạ,,1
298,Em tân sinh viên chào ac ạ,,1
300,Cựu sv lặng lẽ đọc và rời đi,,1
301,[NAME] hong biết có bé nào học nihongo hong ta,,1
302,[NAME] có gì làm quen hả kkk,,1
303,[NAME] đúng ròi 👉🏻👈🏻,,1
304,[NAME] chào bạn mới nha,,1
305,"[NAME] chào các em nha, anh đây huấn luyện khoá cơ bản đến nâng cao môn 52 lá nha, hc cấp tốc trong vòng 1 tháng nha",,1
306,Tìm cốt trí tuệ nhân tạo 😆,,1
308,Diệu Linh :))) lặng lẽ đọc cmt,,1
309,ッ Hưng  chờ bạn về làm trend cựu nào 🤣,,1
310,[NAME] có hào hứng ko z,,1
311,:))) 3 năm sau... Xin chào mọi ng cho em xin than vãn 1 chút.. về thư viện của trường,,1
312,[NAME] dù là bao năm đi chăng nữa thì mình vẫn đồng hành cùng các bạn nha 😎,,1
314,Chúc các em có cái đầu lạnh =))))). Chứ mất công nhiều lúc nóng lắm =))))).,,1
315,"😆 học ở đâu mà chẳng được. quan trọng là bản thân!
Tốt nghiệp bằng Khá, Giỏi càng tốt.
Xác định mà đi làm lên quản lý tương lai thì có bằng Đại Học nó vẫn ok hơn.
Thứ 2 là kinh nghiệm công việc. trải nghiệm nhiều cv vào đi xin việc mới có vé.
Thứ 3 đầu tư ngoại hình, kỹ năng giao tiếp: nhanh nhẹn hoạt bát.
Theo đúng nghề mình yêu thích tích luỹ kinh nghiệm.
[NAME] xin việc ở đâu cũng được.",,2
316,"[NAME]…nhà e có giàu ko, nếu giàu thì cứ vô đi en ti diu trải nghiệm đi e, tầm 1 2 năm là sáng mắt ra ngay. Còn ko thì…chắc e cũng hiểu a muốn nói gì :))",,1
317,Thân Bùi Ân cho c hỏi học phí 1 năm tầm bnhieu e nhỉ?,,1
318,"Ở đây cũng được, nhưng không phải tại đây, bạn hỉu hong :))))",,1
320,[NAME] tớ thấy cậu nói đúng,,1
321,[NAME] cho cậu 1 tim. nhé,,1
322,[NAME] bị ai ép nói luon,,1
323,[NAME] tự hào sv DNTU kkk,,1
324,[NAME] dạ đồng ý 😇,,1
325,[NAME] quá đã [NAME],,1
326,[NAME] t r,,1
327,"Mấy năm trời học của t nhà trường cũng k làm cho cái lễ tốt nghiệp đàng hoàng, chạy liền đi e ơi. Tốt nghiệp bố mẹ k được vào cả đôi đâu lên sg mà học :)))",,2
328,[NAME] có thôi đi chưa,,1
329,[NAME] nyc có thể quên nhưng mối thù với con đi en ti du sẽ ghi nhớ muôn đời 🤫,,1
330,"Tự hào vì là sv DNTU, hc sg đi bro",,1
331,DNTU cg tốt ak em nhưng để phát triển tốt hơn thì nên đi sg e ạ có nhiều cơ hội và lựa chọn hơn,,2
332,[NAME] Jr. văn vở kkk,,1
334,Chạy gấp nếu em ko muốn ôm những cục tức vô lí :))),,1
335,[NAME] vay ma noi yeu truong,,1
336,[NAME] [NAME] yeu con cac…ghet cay ghet dang,,1
337,[NAME] cảm nhận vẫn vui hơn :)),,1
338,[NAME] áccc,,1
339,[NAME] áp lực quá thì ghé [NAME] uống matcha :)) ko hết áp lực nhưng mà ngon với rẻ á :)),,0
340,[NAME] địa chỉ đi chứ,,1
341,"Học [NAME] đi em, học xong ra làm chủ........... Nhật luôn",,1
343,[NAME] Thu Trang vậy đúng ko chị mình ;)),,1
344,[NAME]  đúng mình em và 1 số người mà chị biết 😅,,1
345,[NAME] e làm dịch vụ phải làm chủ nhật thôi chị kkk,,1
346,[NAME]  làm Chủ là phải làm chủ nhật 😆,,1
349,Trọng Nhân tiêu cực vậy,,0
350,[NAME] khuyên th mà,,1
351,Cmt của ac khoá trước bị cấm hiện rồi e 😆😆,,1
353,"Học đâu cũng được, đừng nợ môn xong làm biếng trả bỏ học luôn là đc ời =))) chứ c ra bằng khá vẫn có việc làm ổn định em ơi .",,1
355,[NAME] ở đây thì có anh Đô phù hộ :)),,1
356,[NAME] chạy ngay khi trx khi thành một con nai vàng ngơ ngác 😂😂,,1
357,[NAME] book máy bay liền chứ xe máy không kịp kkk,,1
358,Chang Changg máy bay nhiều lúc bị delay á e. Thôi lỡ rồi đi tên lửa cho nhanh,,1
359,"[NAME] chị nói đúng, phải vậy mới nhanh nhất",,1
360,[NAME] cho order bài chạy ngay đi của sơn tùng MTP với 🤡,,1
361,[NAME] glory Man United,,1
362,[NAME] ăn nói cẩn thận k xoá cmt đấy :)))),,1
363,[NAME] phải khuyên khéo r:)),,1
364,[NAME] đọc đi đỡ bỡ ngỡ kk,,1
365,[NAME] trễ ròi chị 😮‍💨,,1
366,"[NAME] em
Mà học đây thì liên hệ anh này nhiều kinh nghiệm",,1
367,Em nên học dntu trường này tốt á hơn mấy trường sg luôn á,,1
368,lên SG học cho có tương lai nha e 🤣🤣,,1
369,[NAME] học ở đâu chỉ em m,,1
370,"[NAME] đi đi em, do dự trời tối mất, sài gòn hoa lệ thẳng tiến em nhé :))) hoặc không thì em sẽ tận hưởng hệ sinh thái sở thú trong ít nhất 4 năm và những khoản phí khá là ối zồi ôi em ạ 🤧🤪🫠",,1
371,Alice [NAME] tiền ghép mặt dô cái hình 1tr200,,1
372,[NAME] cho e nó lời khuyên nào,,1
373,Cương Nguyễn tốt nhất là chạy ngay đi :))),,1
374,Sài gòn thẳng tiến nha e,,1
376,"Không em nha, lên SG đi em",,1
379,Dieu [NAME] rì viuuu đii,,1
380,[NAME] mãi mới đc ra trường xin phép k rì viuuu,,1
381,[NAME] nghe nó thương gì đâu🤣,,1
382,[NAME] học được hay ko thì ko rì viu nhưng được cái cúp học đi chơi thì vui lắm à nhaaaa,,1
383,[NAME] chạy ngay đi:)))),,1
384,[NAME] như 2 ý kiến trên :)),,1
385,[NAME] để hỏi thêm ý kiến 2 bạn [NAME] Trần,,1
387,s cứ câu nào khó bạn tag mình z,,1
388,"[NAME] đi em, anh cũng chạy r:)))",,1
389,"Chạy ngay đi, trước khi mọi chuyện tồi tệ hơn..￼",,1
391,[NAME] đi đi e do dự trời tối mất :))),,1
392,Quảng Bình đi bán trà tắc luôn cho lẹ đỡ phải học :v,,1
393,Chạy ngay đi e🤣 . Lời khuyên chân thành.,,1
394,[NAME] đi em :))). Lời khuyên của sinh diên năm 6 =))))).,,1
395,[NAME]  học bền z,,1
396,[NAME] có ai yêu trường bằng mình đâu =))).,,1
397,[NAME] có tính năm 7 ko a,,1
398,"[NAME] bạn học Sg nhé , mình năm cuối nên cho ý kiến đó",,1
399,"[NAME] tin này chuẩn k z bạn ơi, mình thấy trường tăng học phí liên tục ok mà bạn :))",,2
400,Phong Phong da bọc xương r bạn ơi :)),,1
402,"Chê nha, lên SG học cho có tương lai, kĩ năng bla bla 😂",,1
403,[NAME] cựu học sinh nói gi z,,1
404,[NAME] nói sự thiệc 🤣,,1
405,[NAME] nói dị là chết òi,,1
406,"Chưa thấy cái trường nào mà để sinh viên phải như này 🤣🤣🤣, thôi được thì cứ SG mà học đi em, vào rồi đến lúc chạy cũng ko chạy được",,1
407,Tường [NAME] Vĩ Trần Thanh e nó xin ít review kìa,,1
408,[NAME] khó lói lắm,,1
410,Trầnduy Hà Sì Gòn em ơi,,1
413,Sài gòn :))) hc đây xong năm 4 than trời cho coi,,1
414,[NAME] đề nghị e lên phòng đào tạo làm việc gấp,,1
415,[NAME] :))) dễ gì,,1
416,"[NAME] đi em, học ở đây phải dựa vào quan hệ kiếm việc. Chứ k là khó lắm",,1
417,Chạy nhanh còn kịp e ơi,,1
420,"1. Quyền tự chủ học tập của sinh viên bị hạn chế rõ rệt
• Hệ thống đăng ký môn học hiện nay bị “ép cứng”, sinh viên không được chọn giảng viên, thời gian học hoặc lớp học như trước đây.
• Việc phân lớp không phù hợp với lịch trình cá nhân, đặc biệt gây khó khăn cho sinh viên vừa học vừa làm.
• Gây trở ngại trong việc đăng ký học lại, học cải thiện điểm hoặc học vượt để rút ngắn thời gian đào tạo.
• Nhà trường không tiến hành khảo sát ý kiến sinh viên trước khi áp dụng thay đổi, gây thiếu minh bạch và phản ứng trái chiều.
2. Học phí tăng nhưng không tương xứng với chất lượng đầu tư
• Mức học phí tăng trên 10% so với năm trước mà không có thông báo cụ thể trước kỳ đăng ký học phần, gây bị động về tài chính cho sinh viên và gia đình.
• Mặc dù tăng học phí, cơ sở vật chất và dịch vụ hỗ trợ không có cải thiện rõ rệt.
• Thiếu minh bạch trong cách tính học phí, đặc biệt là phần phân bổ chi phí cho lý thuyết – thực hành – thiết bị – tài nguyên học tập.
3. Trang thiết bị đào tạo chưa được tận dụng hiệu quả
• Các phòng thực hành, thí nghiệm hiện đại nhưng ít được sử dụng đúng công năng, đôi khi chỉ để ""trưng bày"".
• Thiết bị trong lớp học thiếu đồng bộ: micro không có, bảng mờ, thiếu dây cáp, thiếu màn chiếu hoặc phụ kiện cần thiết phục vụ giảng dạy.
4. Cơ sở vật chất không đáp ứng nhu cầu học tập
• Wi-Fi yếu, chập chờn ở nhiều khu vực như thư viện, hội trường, khu D, ảnh hưởng đến học tập trực tuyến và tra cứu tài liệu.
• Thiếu ổ cắm điện trong nhiều phòng học, gây khó khăn cho sinh viên khi sử dụng laptop trong các tiết học kéo dài.
• Quạt và máy lạnh không hoạt động đồng thời, khiến phòng học lúc thì quá nóng, lúc thì ngột ngạt, ảnh hưởng đến sức khỏe và khả năng tập trung.
• Nhiều phòng thiếu rèm che nắng, gây chói và nóng bức vào buổi sáng hoặc chiều.
• Không có khu tự học cho sinh viên.
5. Chất lượng dịch vụ hỗ trợ sinh viên chưa được cải thiện
• Phản ánh và góp ý của sinh viên hiếm khi được tiếp thu hoặc phản hồi có kết quả rõ ràng.
• Bộ phận tư vấn học tập xử lý chậm, nhiều sinh viên bị yêu cầu chuyển nhiều lần nhưng không được giải quyết dứt điểm.
• Ảnh tốt nghiệp thiếu chất lượng: ảnh mờ, ánh sáng kém, không được hậu kỳ chỉn chu – ảnh hưởng đến hình ảnh lưu niệm và giá trị sử dụng sau này.
• Các kênh tiếp nhận ý kiến sinh viên hoạt động kém hiệu quả, phản hồi chậm hoặc không phản hồi.
• Cảm giác rằng ý kiến sinh viên bị phớt lờ, không tạo ra thay đổi thực chất.
• Các buổi đối thoại sinh viên – nhà trường mang tính hình thức, không giải quyết những vấn đề cốt lõi.
6. Hoạt động học thuật và định hướng nghề nghiệp còn hình thức
• Các buổi hội thảo, workshop thường tổ chức lấy lệ, nội dung không đi sâu vào kỹ năng thực tế mà sinh viên cần.
• Hệ thống hướng nghiệp yếu, sinh viên thiếu thông tin thực tế về thị trường lao động, kỹ năng xin việc hoặc lộ trình nghề nghiệp sau tốt nghiệp.
7. Truyền thông nội bộ chưa phản ánh đúng thực tế sinh viên đang trải qua
• Các bài viết, thông báo từ nhà trường mang tính xoa dịu dư luận, chưa thẳng thắn nhìn nhận và giải quyết vấn đề tồn tại.
• Thông tin truyền thông mang tính một chiều, thiếu khảo sát, phản ánh từ phía sinh viên – đối tượng chính của mọi chính sách.
8. Việc triển khai các thay đổi thiếu minh bạch
• Các chính sách mới áp dụng đột ngột, không có khảo sát hay thông báo trước, sinh viên không kịp chuẩn bị.
• Thiếu bảng so sánh giữa chính sách cũ và mới, gây mơ hồ trong tiếp nhận thông tin.
• Thông tin về tiến độ hỗ trợ, học bổng, chương trình ưu đãi không được cập nhật rõ ràng, sinh viên khó theo dõi và đăng ký.
9. Chính sách học bổng chưa hợp lý và thiếu công khai
• Học bổng hiện tại quá thấp: chỉ khoảng 1.300.000đ, trong khi một môn học 2 tín chỉ đã có thể lên đến 1.500.000 – 2.000.000đ → không đủ hỗ trợ thiết thực cho sinh viên.
• Năm 2023, nhiều sinh viên không nhận được giấy khen dù có thành tích tốt vì lý do ""không đủ kinh phí"" – không có giấy khen, gây hụt hẫng và ảnh hưởng tinh thần.
• So sánh với các trường khác, học bổng thường tương đương học phí của cả học kỳ dành cho sinh viên giỏi, trong khi chính sách trường ta thiếu hấp dẫn và công bằng.
• Khi sinh viên thắc mắc, được trả lời rằng do không biết tương tác với doanh nghiệp (cài app, mở tài khoản...) – tuy nhiên, không có hướng dẫn rõ ràng, không có quy trình xác nhận, cũng không có sao kê minh bạch để đối chiếu.
10. Chi phí học phần thực tập cao nhưng thiếu rõ ràng
• Mức học phí môn thực tập cao tương đương hoặc cao hơn các môn học lý thuyết, gây áp lực tài chính cho sinh viên.
• Trong bảng học phí có mục chi trả cho người hướng dẫn doanh nghiệp, nhưng với những sinh viên tự xin nơi thực tập, không được nhà trường phân công hướng dẫn thì khoản phí này đi đâu? Có hoàn lại không?
• Không công bố cụ thể các khoản phí, cũng như không có minh chứng chi tiêu cho từng mục, làm giảm niềm tin của sinh viên vào sự công bằng và minh bạch.",,2
421,"Mở bài
Trường ko sai.
Thân bài
Em là người sai.
Kết bài
Em sai vì em chọn trường.",,1
422,"Bạn nào viết bài này hay quá, rất đúng trọng tâm vấn đề xảy ra từ bữa giờ, ib mình gửi 3k cf nhé",,1
423,[NAME] xin ạ,,1
424,[NAME] condioi tóm tắt giúp bạn nha chứ dài quá bạn bị rối hahhahaah,,1
425,"[NAME] đang dạy, tí quay lại đ",,1
427,[NAME] voice dùm b di chứ dài quá><,,1
428,[NAME] nay có môn hiểu biết về trường kìa m kkkk,,1
429,"À tóm tắt ngắn ngắn gọn gọn cho em thì nếu em cần tấm bằng để có vé ứng tuyển các vị trí dân VP thì còn đựơc hơn mấy bạn không có
Ra trường dù có bằng hay không thì các công việc culi lặt vặt trái nghành trái nghề  luôn chờ em sẵn để em có thể phát huy năng lực em nhé.
Chúc em thành công 🤣🤣🤣",,2
430,[NAME] là s nữa dọ chời 🥲,,1
431,"[NAME], nhưng mà gửi thư này vào trang chủ của trường chưa, kính gửi quá trời mà trang Confession",,1
432,[NAME] cựu sv cho hay😂,,1
433,Có ai tóm tắt dùm em được kh. Em năm nay nhập học lo quá m.n ơi,,1
434,[NAME] chạy ngay đi trươc khi mọi chiện tồi tệ hơn =)))),,1
435,Tôi đồng tình với bạn này. “ đồng tình đại đi chứ dài bm ai đọc cho nổi “,,1
436,[NAME] anh hay z quá. Bảo bạn là muốn ý kiến thì lên gặp hiệu trưởng á chứ giải bày ở đây ko có tác dụng gì đâu,,1
437,"[NAME] bây giờ ra trường ai hỏi t là sao vô đây t chỉ nói đúng một lý do, là do trường gần nhà, chỉ vì đúng lý do đó không lý do nào hơn m ạ:))))",,2
438,[NAME] quá trời rồi,,1
439,[NAME] đề tài muôn thuở ra trường 5 năm rồi mà vẫn cứ còn được đọc cfs như này hoài hoài 😁,,1
440,[NAME] chuyện quá quen 😂,,1
441,"Đầy đủ [NAME] lun ah chời, được +1 đ cho cái bố cục đầy đủ 3 phần 😂",,1
442,"CFS chất lượng, đúng ý với nhiều sinh viên trong trường",,1
443,"viết chi cho dài z, có ai đọc đâu bro :)))",,1
444,Trường đã đọc và không quan tâm 🤣,,1
445,Bạn nghĩ nhà trường có quan tâm hay đọc bài văn của bạn ko 😌,,1
446,[NAME] là sao z a trai🤣,,1
448,"[NAME] tận thu, may quá tốt nghiệp mấy năm r",,2
449,[NAME] nói chung nghỉ học là xong 😂,,1
451,buồn vì hốc trưởng chắc chắn không đọc 😔,,0
452,"Năm nào cũng có mấy bài như vầy hết, chịu không chịu cũng phải chịu",,1
453,[NAME] gì vậy hào 🤣🤣,,1
454,"Gia Hoàng hành văn khá tốt, may là chúng ta ra trường, xui là do chúng ta chọn phải trường :))",,2
455,Cương Nguyễn giờ còn học là hơi đau đầu nhỉ,,1
456,[NAME] nãy t tính táng m r...mà thoát ra vô lại nó mất tiu😂,,1
457,[NAME] đọc nhiều đau mắt lắm đại loại là vài vấn đề đó thôi kkk,,1
458,[NAME] 1 vấn đề từ năm đó đến năm nay chưa có câu trả lời,,1
459,"[NAME] cái môn ""hiểu biết về dntu "" là nó dạy cái j mậy",,1
460,Huy Khoa ê có môn đó luôn hả chắc là giới thiệu trường nè trường có gì nè,,1
461,[NAME] dị là mất 600k đó hả,,1
462,[NAME] trường lúc rài biết làm tiền ghê ta,,1
464,[NAME] tìm hiểu về tiểu sử trường,,1
465,"[NAME] tiểu sử của trường là khi đki học phần thì lỗi mạng, tiền thì ngày càng tăng hp thì như...cơ sở vật chất như...",,1
466,[NAME] đọc chưa kể nghe coi,,1
467,Nghia Hoang  Minh [NAME] Phú Vũ quay lại học môn Hiểu biết về dntu k,,1
468,[NAME] t lười đọc quá tóm tắt cho t hiểu cái m,,1
469,[NAME] thấy có thêm môn hiểu biết về dntu mới mới á bạn,,1
470,[NAME] kkk thoi t sợ quá rồi,,1
471,Chiêu Anh hên m đi sớm đỡ phí tiền. Tao 1 môn nữa là cook 🙂,,1
472,Vân nào rảnh đọc r tóm tắt nhẹ cho c đuy 😂😂😂😂,,1
473,Có đc lên phím 36 ko 😂😂,,1
474,Còn có môn hiểu biết về Dntu??? [NAME],,1
475,Chả thầy cô nào đọc đâu. [NAME],,1
476,[NAME] [NAME] h có cả môn “[NAME]” luôn😂,,1
478,[NAME] chắc phải đi học lại để học môn đó quá,,1
479,[NAME] bố cục rõ ràng đủ mở bài thân bài kết bài luôn 🤣🤣,,1
480,[NAME] đọc ròi tóm tắt lại dùm nha bạn,,1
481,Thu Thoa ngắn gọn xúc tích: chạy ngay đi trước khi bị lùa gà kkk,,1
482,[NAME] đang ra tín hiệu cảnh báo cho những lớp sau hậ,,1
483,Thu Thoa 🧐 đã tóm tắt xong,,1
485,[NAME] tiền thư viện 4 năm của chúng te vào chưa đc 4 lần🥲,,1
486,Chúc Linh thư viện chứ có phải cái nhà đâu mà đi đi về về,,1
487,Chịu ko chịu cũng phải chịu,,1
488,Quốc Đô t thấy thưa mà dài dài là nghi rồi,,1
491,chắc ko phải người quen 😅,,1
492,Nghiệp Trần mắc tag tên quá,,1
493,"[NAME] truyền từ đời trước quá đời sau, mãi mãi trường tồn 😂😂😂",,1
495,Như cái sớ Trần Minh Tài,,1
496,[NAME] ek đọc r tóm tắt dùm với,,1
497,[NAME] này á hẻe,,1
499,Bài viết so [NAME],,1
500,Phí thư viện 250.000 k đóng là hong cho ra trường nha :))) mặc dù cả năm k vào lần nào,,1
501,[NAME] trường đạt chuẩn j j ấy...chịu thì chịu ko chịu thì khỏi ra trường,,1
502,"[NAME] 2 năm covid có đi học đếch đâu, vẫn thu đều🤣",,1
503,[NAME] nộp 200k dô để đợi họp tiếp lên kỹ sư và thế là mất luốn 200k :))),,1
504,[NAME] ủa thế ko dc học tiếp luôn hả kk,,1
505,Đình Chí ko thu trường lấy j mà sống mảy🤣,,1
506,"Để đúng với xu hướng thời đại thì mình tóm tắt lại bằng Chat GPT cho bạn nào lười đọc hết:
Dưới đây là bản tóm tắt đoạn #Cfs2334:
⸻
Tóm tắt:
Một sinh viên [NAME] Đại học Công nghệ Đồng Nai gửi tâm thư đến Ban Giám hiệu và giảng viên, phản ánh một số vấn đề đang tồn tại tại trường:
1. Thay đổi website quá gấp khiến sinh viên và giảng viên không kịp thích nghi, gây rối loạn trong học tập và quản lý thông tin.
2. Quy trình đăng ký học phần mới rườm rà, mất thời gian và kém hiệu quả so với cách cũ. Nhiều sinh viên gặp khó khăn trong việc đăng ký và điều chỉnh kế hoạch học tập.
3. Thông báo học phí quá trễ, trong khi thời hạn đóng học phí lại ngắn, gây áp lực tài chính lớn cho sinh viên, đặc biệt là những gia đình có thu nhập trung bình – thấp.
4. Phí các môn học và dịch vụ không rõ ràng, như môn “Hiểu biết về DNTU” (600.000đ) và phí thư viện (250.000đ/năm), bị cho là không hợp lý khi ít sinh viên sử dụng dịch vụ tương ứng.
Sinh viên đề xuất:
• Thay đổi hệ thống công nghệ cần có lộ trình rõ ràng hơn.
• Nên cho sinh viên tự đăng ký môn học hoặc có cơ chế đơn giản hơn.
• Linh hoạt trong thời hạn đóng học phí.
• Xem xét lại các khoản thu không minh bạch.
Kết luận: Người viết cảm thấy thất vọng với công tác quản lý của nhà trường dù trường đã có gần 20 năm thành lập, và mong nhà trường cải thiện để sinh viên có môi trường học tập tốt hơn.",,1
507,[NAME] Thảo Nguyên Xanh Nguyễn Hùng 6 năm ăn học tại trường phát biểm cảm nghĩ đi,,1
508,[NAME] có tag lộn [NAME] nào k dị :)),,1
509,[NAME] nhầm [NAME] thiệt :)))),,1
510,[NAME] cho nêu ý kiến ẩn danh được khong? Chứ nêu ý kiến xong sợ bị -1 bằng Ths :))),,1
511,[NAME] trừ 4 bằng Ths :)))),,1
512,"Ths gì cơ, ai biết gì đâu",,1
513,Ngọc Tùng dài quá lười đọc 🙂‍↔️,,1
514,[NAME] nghỉ dịch covid học onl cả năm mà cũng phại đóng tìn thư ziện =)))) 😍,,1
515,"Mà trường có coi bài này ko ta,mà coi thì sao á,tui nghĩ vẫn vậy thôi chứ đúng không 🤡.",,1
516,[NAME] ko coi đâu e tự coi,,1
517,[NAME] có a Ti coi đc r,,1
518,[NAME] chuyện thường ngày mà :)),,1
520,Trường mkt đỉnh vải ò😚 vậy thôi,,1
521,[NAME] làm chấn động mới chịu hay sao ta ơi,,1
522,[NAME] Do dài quá chưa đọc nữa🤦‍♀️,,1
523,Cái j thu đc thì tận thu chớ 🤣,,1
524,"Từng nói với các bạn rồi, nhà nhiều tiền thì cứ đâm đầu vô đây mà chill. Thế mà…haizz, thôi chả thèm nói nữa 😌",,1
525,Ngoc [NAME] vô đọc rồi tóm tắt cho t cái dài quá🤣,,1
526,"Ngoc Lan [NAME] xin tl câu hỏi b Lan.
thứ nhất: đổi website
thứ 2: dki học phần rườm rà
thứ 3: gia hạn học phí
thứ4 : tiền môn tiền thư viện vô lí
kl: qli yếu kém
ý chủ thớt là v á",,1
527,Nhà trường đã xem và ngó lơ kkk,,1
528,"[NAME] rất hối hận khi đã thốt ra hai chữ ""uy tín"" của nhà trường về việc hứa không tăng học phí trong 4 năm [NAME] 🫣",,1
529,[NAME] chị đã bảo rồi tụi e không tin chị 😂😂😂,,1
530,[NAME] đó là bài học đầu tiên trường tặng cho sv khi bước vào trường 🤣🤣🤣,,1
531,"[NAME] em tỉnh ngộ rùi chị kkk, cũng may là ra trường rùiiii",,1
532,"Cái phí thư viện có từ lâu rồi và 1 cựu sinh viên trường như mình từng thấy các bạn cùng lứa lên cfs vấn đề này rất nhiều lần, kết quả là không có ai ngó xuống đáp cho các bạn sinh viên đâu 🌚",,1
533,[NAME] viết dài v bạn,,1
534,[NAME]  đọc xog thấy thấm ko,,1
535,Dài quá k đọc nhma chắc lại bảo trường loz nhỉ :))),,1
536,[NAME] đọc ròi tóm tắt dùm tui đi bạn,,1
537,"[NAME] đọc làm gì bạn , bạn có thấy cái cfs nào là em yêu trường em k hay là chúng nó chỉ có chửi thôi",,1
538,[NAME] để tao đăng i love DNTU VERY MỚT 😏,,1
539,[NAME] love mạnh lên k mấy thằng áo xanh ngu học nó đập m chết,,1
540,Trung Sơn ra trường r thì bỏ qua đi b,,1
541,"[NAME] bỏ là bỏ sao bạn , tui thích var để tui var tí",,1
542,[NAME] nổi lòng bức súc lúc đi học ha s kkk,,1
543,"Hay, nếu được bầu bạn lên làm hiệu trưởng luôn kkkk",,1
544,Đọc mà lác mắt ai tóm tắt hộ với 😞.,,1
545,"[NAME] “quản lý, điều hành còn kém hơn cao đẳng (nghề nào) đó” nha chị",,1
546,Mạnh [NAME] ae phốt trường à? :))...,,0
547,Mấy khứa này cứ tưởng là đang phot trường ko á :))(,,1
548,[NAME] ns bé thui chỗ này đông ng,,1
549,"[NAME] phốt mà có đầu bài, thân bài kết bài là thấy uy tín rồi:v",,0
550,[NAME] Bảo thằng [NAME] Nguyễn chứ ai nữa,,1
551,"Bảo Huy suỵt suỵt, nói to v ngta biết thì sao🫣",,1
552,Viết v th chứ ý trường quyết như vậy rồi :))) học k học là quyền của em 🤣🤣 chịu thôiiiiii em êyyy,,1
553,Trọng Nhân đâu zô đây nữa,,1
554,[NAME] 🤣🤣🤣 lâu lâu lướt nó trúng á chớ,,1
555,[NAME] Vũ trường mày nè🤣🤣,,1
556,[NAME] cái drama dài qá tóm tắt lại cho bạn với 😋😋,,1
557,[NAME] Vũ nói chung không nên học cái trường này🤣,,1
558,[NAME] ơi có ng nói lên nỗi lòng của t 😇,,1
559,"[NAME] có cái môn mới nữa hả 🙂. ""Hiểu biết về dntu"" là cái gi nụa zay m",,1
560,[NAME] 😇 chắc của khoá các em m à chứ khoá mình thì khả năng bị lên bài dài hơn,,1
561,Ly Ly khoá mình chắc phải làm hẳn quyển xanh xanh như kiểu sau mỗi đợt thực tập xong í thì may ra mới nói hết được nỗi lòng nhở😞,,1
562,[NAME] bào tới xương:)),,1
563,[NAME] thẻ đỏ bây giờ,,1
564,[NAME] [NAME] tọi mấy em quá kkkkk,,1
565,[NAME] tập dẫn cho quen lỗi là tại em vì chọn sai trường thôi. Có kêu tới chết cũng thế haha,,1
566,[NAME] chỉ có sống trong cam chịu thoi kkkk,,1
568,Hưng Đăng ra chậm mấy năm mới đỡ tối cổ fen,,1
569,[NAME] lâu lắm mới thấy bài phốt,,0
570,[NAME] trộm vía còn 2 ngày ctxh nữa là mình cook ròi,,1
571,"[NAME] Phong vía nặng quá, h kiếm đâu ra 2 3 ngày ctxh đây kkkk",,1
572,[NAME] không bíc đi cửa sau có đc khong :))),,1
573,"[NAME],Nhật Trường,Vũ Hiệp,Thanh Tran,[NAME],Liêu Nguyên,Đào Trúc dô thả tuym đi",,1
574,may quá t ra trường r 🤡,,2
575,"Hehe sanh diên năm 6 chỉ biết cừi 🤣🤣🤣, thôi cố lên em.",,2
576,[NAME] năm 6 mà tự hào thế anh,,1
577,"Thu Trang Vux chứ seooo :))), yêu trường nó thế :)).",,1
578,Phải dùng AI tóm gọn ý chính rồi mới hiểu được vấn đề cốt lõi 😂😂😂,,1
579,[NAME] anh cứ vậy thôi,,1
580,[NAME] đóng phí thư viện để k vô thư viện💁‍♀️,,1
581,Ju Uyn năm nào chả đóng,,1
582,[NAME] đọc đi mấy em,,1
583,Thôi cựu sinh viên dặn lòng ko nói xấu trường nữa 😂 mất công bị mời lên uống trà như đợt năm 4 😂,,1
584,[NAME] nếu được chọn lại thì seo 🤣,,1
585,[NAME] tân kêu vẫn tiếp tục chọn [NAME],,1
586,Tuyết Nhi nhộn nhịp nhuỷ,,1
587,Ra đời phải có xíu bất công mới trưởng thành được bạn ơi🤡,,2
588,[NAME] đại đại đi,,1
589,[NAME] Uyen cố lết đc tới đâu thig hay tới đó,,1
590,Nói chung là tài năng thì có hạn mà thủ đoạn thì vô biên😂,,1
591,[NAME] m nói đúng còn nói to vậy,,1
592,Đúng 1 lần mà tởn tới già,,1
593,[NAME] m viết đúng k,,1
595,Huy Vux [NAME] thật hả mấy đứa,,1
596,Cũng mừng là mấy đứa năm 3 chứ k phải năm 1 🥺,,1
597,[NAME] bào số 1 Đồng Nai mà anh :))),,1
598,Tấn Đạt [NAME] dntu:)) máy bào,,1
599,Tấn Đạt tin này chuẩn anh,,1
600,"[NAME] ráng lên sắp tới rồi sắp tới rồi, còn môn hiểu biết về trường 600k thì chịu, đúng là trường ĐỒNG TIỀN ĐI [NAME]",,1
601,Tấn Đạt đại học công nghệ đồng tiền mà anh =))),,1
602,[NAME] nữa hả,,1
603,[NAME] đọc cmt hay hơn :)))),,1
604,[NAME] chắc cũng sẽ trôi vào gĩ vãng thui 😔,,1
605,[NAME] quá khộ,,1
606,[NAME] tóm tắt giùm tui đi mấy bạn ê,,1
607,[NAME] Ngo tui lười đọc quá b ơi,,1
608,[NAME] có thể tóm gọn cho t nghe dc ko 🥹,,1
609,"[NAME] thay đổi web đột ngột, đăng kí học rườm rà mất tgian kh kịp để chuẩn bị tiền đóng, phát sinh môn học kh rõ ràng, phí thư viện kh cần thiết, làm riết mốt không ai học luôn",,1
611,Thúy [NAME] gõ chat gpt cho lẹ,,1
612,đọc tới điều cuối đi .-.,,1
614,[NAME] ( nghề ) nào đó nghi lắm 🤧,,1
615,[NAME] Phuong lan Lê Văn An mình h có dc coi là cựu sinh ziên dntu k nhỉ 🤣🤣🤣,,1
616,Truong [NAME] đọc r tóm tắt cho tao,,1
617,[NAME] chịu :)),,1
619,[NAME] Huế ngồi lót dép hóng 😀,,1
620,Quang Dang mày đăng bài à,,1
621,[NAME] để mà t nói về cái trường này thì nhiêu đây quá ngắn kh đủ :))),,1
622,Van [NAME] đọc ròi tóm tắt hộ tao nha😇,,1
623,[NAME] b này hỏi dài mà hỏi khó quá sợ trường hong trả lời kịp 😞,,0
624,[NAME] t mệt quá thôi rán học r ra trg h c mệt r,,0
625,"À vâng người thầy nào đó nói với mình
Mức học phí tăng các em hưởng được gì nè:
+ Máy Lạnh ( 2022 - 2023 bắt Sinh Viên mở 1 là quạt 2 là máy lạnh )
+ Sân cầu lông
+ Sân Pickaball
+ Sân bóng
+ Ngôi Trường Khang Trang
===> Quay Trở lại 2021 xíu
DNTU NÓI RIÊNG VÀ CẢ TOÀN THẾ GIỚI NÓI CHUNG BỊ VƯỚNG VÀO 1 [NAME] - 19 [NAME] LÀ 1 GIẢNG VIÊN TRƯỜNG MÀ [NAME], [NAME]!
CHO MÌNH HỎI BẠN [NAME] NHÀ TRƯỜNG HỖ TRỢ HẬU COVID Ạ?",,1
626,Quang Anh học môn hiểu biết về dntu chưa,,1
627,"[NAME] mới dc bổ túc hôm qua, ki biết thiếu trang nào",,1
629,Trường đã đọc và vẫn tăng học phí và bạn mất 1 mớ tg để ghi những dòng vô nghĩa,,1
630,[NAME] uizzzz chuẩn thế nhòoooo 😆,,1
631,độ dài bài tâm thư tỉ lệ thuận với số lượng cán bộ nhà trường không quan tâm tới Phương Thanh,,1
632,Như [NAME] chời ơi chời,,1
633,[NAME] cho xin con beat số3,,1
634,Khánh Linh tiếng lòngggg,,1
635,Dài dòng quá lười đọc !,,1
636,[NAME] tóm tắt dùm e,,1
637,Toan Phuc Vu Le ô nghĩ sao?,,1
638,[NAME] ôi ôi,,1
639,[NAME] hay quá đi thôi,,1
640,[NAME] toi ra,,1
643,Tran [NAME],,1
645,"Rồi lại đâu vào đấy thôi, ròi cũng chỉ sv và cựu sv đọc, may may đâu có vài đứa sv sắp vào đọc xong cook nhanh còn kịp",,2
647,Lan Phong Nguyễn Thị Yến Nhi Nguyen Huệ Đinh Tâm Như,,1
648,Hương Xuân ai tóm tắt vs nhiều quá,,1
649,"[NAME] êy cùng ý kiến, dài quá lười đọc, tóm tắt dùm ik",,1
650,[NAME] hay tuyệt đỉnh,,1
652,Hương Xuân nhma trường có đọc hả :)),,1
653,[NAME] chắc không,,1
654,Hương Xuân tui nghĩ trg ko đọc đou :)),,1
655,Võ [NAME],,1
656,[NAME]  làm cái đơn chuyển điểm chung đợt mà đứa đc đứa ko tới nay học đc 1 năm r vẫn chưa có 🙃🫠,,1
657,"[NAME] vâng làm cái đơn để dki học từ trc tết tới nay vẫn chưa đc học. Mà làm hơn 4,5 cái đơn rùi🙃",,1
659,[NAME],,1
661,Đào Giang rõ ràng thuyết phục,,1
662,[NAME],,1
663,Pt Thu kêu meta tóm tắt vội,,1
665,[NAME] cho hỏi bạn là ai mà tag mình vậy ạ?,,1
666,"[NAME] quên, bạn chưa tốt nghiệp",,1
667,[NAME],,1
668,Mộng Tuyền dài quá điii,,1
670,Bài viết khá lan man. [NAME] gọn đi hai bạn,,1
671,[NAME] thui. Ai tóm tắt cho thì đọc,,1
672,[NAME] tóm tắt xong sợ -1 bằng ths,,1
674,[NAME] ê có môn hiểu biết về DNTU kìa :)))),,1
677,Hạnh Văn Trần Hoàng Kiên Nguyễn Bùi Vương Nhi +1 :))),,1
678,Vy Mai Thùy Trang Kieu Oanh Thanh Nhi,,1
679,[NAME] viết hay đúng trọng tâm nma trường có đọc đâu ☺️,,2
680,Kieu Oanh trường “hốc” ít thôi,,1
681,"Kieu [NAME] tóm tắt cho t với, dài qá huhuu😭😭",,1
682,[NAME] có phản kháng nhưng không có tác dụng,,1
683,[NAME] trường lỗ tai cây,,1
685,[NAME]  thấm nhưng hơi dài nha 🤣,,1
686,[NAME],,1
687,[NAME] tắt đc ko chứ dài quá đọc ko nổi🤣,,1
688,"[NAME] , Võ Văn Sương",,1
689,[NAME] nay tao thấy có bộ môn hiểu biết về DNTU tao cười k nhặt dc mồm. 🤣🤣🤣,,1
690,[NAME]  thì cũng phải cho các em nó biết SV ra trường sẽ đi đâu về đâu chư,,1
691,[NAME] ý là tìm hiểu cho kĩ nên tiếp hay dừng á ha,,1
692,[NAME] nhậu đê tao sắp thất nghịp nữa m ơi,,1
693,[NAME],,1
694,[NAME] trường đọc đi cho tụi em ý kiến,,1
695,"[NAME] có hẳn mở - thân - kết luôn, đã qué he",,1
697,Nguyen [NAME],,1
698,@người theo dõi @nêu bật,,1
700,"Minh Khánh tóm tắt lại dùm ii, nói dài nói dai quá",,1
701,[NAME],,1
703,[NAME] [NAME],,1
704,[NAME],,1
706,[NAME] trường hok có đọc đâu bà ơi 🥲🥲🥲,,1
708,[NAME] em đi làm kk,,1
710,[NAME] môn hiểu biết về DNTU:)))???,,1
711,[NAME] bào nào mục xương thì thôi,,1
712,"[NAME] chia sẻ với em là cô vẫn còn dc nghe “huấn từ thân phụ” đều đều từ 5 tuổi đến giờ. Nói đúng là giận  và có phần trách ông lắm. Vì làm tinh thần mình mệt mỏi. Nhưng ông dạy kĩ lưỡng từ chuyện ăn, mặc, lời ăn tiếng nói, chuyện công việc nói chung chắc là tất cả chuyện đời ông đã trải qua. Lúc chưa hiểu chuyện thì ghét lắm nhưng đâu đó tầm u40 thì c dần thấm dc từng từ ông nói. Và thầm cảm ơn ông đã rèn mình đủ để hứng chịu mưa sa bão tố cả nghĩa đen- bóng của cuộc sống này. [NAME]ũng có mặt ưu- khuyết nhưng đó là gia đình mà. Luôn yêu thương he. C tin sau này e cũng dạy con 1 phần như vậy đó. 1 phần nền tảng của con cái dc duy trì từ thói quen của cha mẹ.",,2
713,Con trai 22 tuổi rồi vẫn bị mẹ cho ăn đòn như thường,,1
714,"giống tui 22 tuổi đầu r, mới đòi mua chiếc xa chia để bằng bạn bằng bè mà quánh quá tr :((",,1
715,[NAME] là t thì t quánh từ đoạn đòi ròii tới chiếc xa chia quánh thêm đợt 2 á :)),,1
717,[NAME] hay giống quá,,1
718,[NAME] ráiiii đơ,,1
719,[NAME] thứ này nên cắt hộ khẩu luôn ☺️,,1
720,[NAME] có chiếc xa chia có cần phải chia xa v ko trr :((,,1
721,"Con trai đầu 3 năm cấp 3 vẫn ăn đòn 😆
Nhưng lên đại học thì có làm gì sai đâu mà ăn đòn 😆",,1
722,"ba mẹ phạt thì than, rồi mốt trai phạt lại kêu thích lắm",,1
724,:))) vẫn bị ăn roi vào mông đều,,1
725,Cũng tuỳ nhà ấy e quan trọng là cách bame và môi trường ở nhà mình sinh hoạt như nào nữa á,,1
726,"Châu Lê mình cũng dậy, ba mình ho 1 phát là không thấy bóng mình đâu nữa rồi. Được cái mình dọt rất lẹ",,1
727,[NAME] đúng là con gái báo của ba,,1
728,Châu Lê  tại t sợ ba t đấm t đau tay nên t trốn đi thôi.,,0
729,[NAME] ダン フユ phụ huynh châu á giảng dạy con nè :)),,1
730,[NAME] giúp bạn đi em,,1
731,còn mình bị đánh nhiều quá nên bme chán k đánh nữa,,0
732,mình mà như v mình dỗi bỏ nhà ra đi 🐧,,0
733,"Mẹ tui cũng khó mà giờ mẹ tui hong đánh đòn tui nữa . Chỉ yêu cầu đi về đúng giờ , biết lịch trình , tkb của tui thoi . Nhả vía cho bạn nha",,2
734,Đòn roi chỉ nhắc nhở khi còn nhỏ chưa biết thôi. Lớn đầu rồi còn đòn roi thì phải coi lại cách dạy dỗ của cha mẹ.,,1
735,Mời e đi nghĩa vụ để trải nghiệm phạt lúc đó nước mắt còn ko rơi🤣,,1
736,"Chị là con một, ba mẹ chị cũng chiều chị như là một cô công chúa nhỏ, nhưng không quá chiều vẫn cho chị trải những hương vị của cuộc đời. Vẫn cho chị những thứ đủ xài, dạy chị cuộc sống k như màu hồng, nhưng trong vòng tay cha mẹ thì cha mẹ vẫn sẽ bảo vệ và dạy bảo. Đến cái lúc mà chị sắp lấy chồng mẹ chị cũng vào nói với chị: “mày lấy chồng mẹ chồng m chưa chắc gì sẽ dễ, nhưng có chuyện gì cứ chạy về nhà vì m luôn là cô công chúa nhỏ của ba m”. [NAME] z đối với vài người ba mẹ chị vô duyên vãi, nhưng họ vẫn là người tuyệt vời nhất với chị",,2
737,[NAME],,1
739,[NAME] bữa xin mua con sa chia chở em ghệ cháy phố mà quýnh quá trời quýnh,,1
740,"Mình hiểu cảm giác của bạn, việc khoá trang sinh viên chắc chưa trường nào như trường mình làm hay nói cách khác đó là hối thúc đóng tiền lẹ, khoá ai mà biết lịch học vs thi biết đường nào mà lần trời, đụng tới tiền bạc thì nó nhạy cảm nhiều vấn đề ấy chứ, lúc cần góp ý tới trường thì... nhiều cái nó phức tạp hoá lên, nói chung trường này đẳng cấp lắm có khi tầm cao mới tầm vũ trụ rồi bạn, còn N đẳng cấp khác mình chưa thèm nói thì thôi chúc bạn học tập tốt 🤝✌️",,2
741,[NAME] máy bào Đồng Nai,,1
742,"[NAME] cái này tuỳ cơ chế mỗi trường nè. Khi cô học ở ĐH Mở Tp. HCM cô quên k đóng học phí 2 lần. Hệ thống không khoá sv kì hiện tại nhưng sẽ khoá mã SV kì sau á em. Do vậy nếu mình tiếc thời gian học tập, trễ tiến độ là cực kì khó khăn . Vì thời gian có 2,5 năm mà khoá 2 kì là 1 năm rồi. Có làm đơn cách nào cũng k giải quyết cho mình cả.",,1
743,"có nhiều trường hợp đăng kí nhưng không học làm ảnh hưởng trường thật, nhưng mà hy vọng trường có giải pháp hỗ trợ phần còn lại là các bạn sinh viên muốn học nhưng khó khăn. Và trường có mở cuộc họp khoa để thông báo và tiếp nhận ý kiến của sinh viên, không biết bạn sinh viên viết bài có tham gia và ý kiến chưa nhỉ",,1
744,[NAME] đôn nết cho bạn đi Hiếu..,,1
745,[NAME] cho [NAME] vay 50 củ nào bro,,1
747,[NAME] =)) hay là mình thầu gói học trước trả sau với trường nhỉ,,1
748,[NAME] đang học mà nghỉ ngang là mình đói =)),,1
749,[NAME] những em nào uy tín như [NAME] là thầu ngon rồi,,1
750,Nhà Trường có hỗ trợ thêm em nhé. Em chia sẻ cho cố vấn học tập để gv nắm bắt thêm em nhé.,,2
751,Hoàn cảnh khó khăn mà gặp cảnh này thì khóc ròng luôn 🥲🫩,,1
752,"[NAME] mình cũng khó khăn lắm, xin trường cho mình học tiếp cùng các bạn.",,1
753,[NAME] thôi thôi ra lẹ đi bạn à 🤣,,1
754,[NAME] bạn cũng khó nè🥲🥺🥺,,1
755,[NAME].[NAME] đọc stk mjk ck 10k nè,,1
756,"[[NAME]]  hóng phốt mới kìa , nhuc mặt thật chứ",,0
757,[NAME] hờ bạn nào mà gđ khó khăn thì tốt nhất đừng học trường này. Học xong mạt luôn,,1
758,[NAME] tui nè 6 năm rùi nè,,1
759,Trường Tư đồng tiền đi liền khúc ruột :))),,1
760,[NAME] trường có thèm để ý đâu mà =)),,1
761,[NAME] sap wed nua gio,,1
763,[NAME] nghe đồn cbi xây thêm cái l j nữa mà sắp bú thêm mớ =))),,1
765,Văn Thành anh tẻn cho bạn lời khuyên,,1
766,[NAME] khuyên kỉu rì ây tui cũng nghèo thiếu lên thiếu xuống mà🥲,,1
767,Hên quá [NAME] chứ không bây giờ cũng vỡ mồm,,1
768,Luat [NAME] hút máu hả b 🤣🤣,,1
769,"[NAME] chắc gom
Mớ dưỡng già",,1
770,Mình hiều mà :((( mình cũng chả làm gì đc,,1
771,Đại học Công nghệ Đồng Nai,,1
772,[NAME] :)))),,1
773,[NAME] ra trước cổng trường bạn [NAME] mình mang tới trả nhé,,1
774,[NAME] tôi nhớ là [NAME] lấy mà,,1
776,[NAME] ý bạn nói cái màu nào á nhể 🤔🤔😂,,1
777,[NAME] trả cho người ta đi bạn,,1
778,[NAME] từ ngày anh đi m tệ v s em,,1
779,Trọng Nhân em có làm j đâu anh già kkk,,1
781,"[NAME], bạn đã làm từ thiện bao nhiêu chiếc rồi? Tui: 2",,1
782,[NAME] hông t cất trong cốp nên k mất kk,,1
783,"[NAME] , bé nó đòi check cam, chỉ biết cười trừ😅😅",,1
784,[NAME] check như không check 🤡,,1
785,"Trả lẹ cho bạn đi má, s lại lấy nón bạn zậy hả. [NAME]",,1
786,Châu Châu h trả kịp ko bạn :)),,1
787,"[NAME] không đâu, thôi diếm luôn đi🤡",,1
788,"[NAME] nam mô a Di đà lạt, quẵm đi chơi luôn",,1
789,"mình đã mất 3 cái , bạn đã từng chưa =))",,1
790,[NAME] nêu cảm nghĩ :))),,1
791,[NAME] cũ cũng k tha,,1
792,"[NAME] [NAME] sắp ra trường rồi mà làm cái gì kì dẫy mấy ní
Ai lấy thì trả lại cho người ta đi",,1
793,[NAME] bỏ nha ra đầu thú đi =)),,1
794,[NAME] cả tháng nay không vô tới trường mà đổi thừa,,1
795,[NAME] hay mày lấy thấy đổi nón mới suốt,,1
797,[NAME] vay ma hay doi thua lam,,1
799,Le [NAME] chết cha chiều t có lỡ cầm cái nón trên chiếc elegant 50 chỗ cột C2,,1
800,Tiến Phước bạn lấy thoải mái 🤣,,1
801,[NAME] ẩu thế bro,,1
802,"[NAME] xin lỗi bro, tôi đói quá…",,1
803,ッ Hưng   lấy nón của e  trả đi kìa 🤣. Để e nó đi tìm 🤪,,1
804,"Cách đây tầm 4 năm, cứ chiều t7 cuối tuần như mọi tuần, t xuống nhà xe để về nhà sau 1 tuần bị bào mòn, vừa xuống hết cầu thang KTX ra tới nhà xe đi hết dãy xe t thấy chiếc Sirius đỏ đen quen thuộc của t đây nhưng mà dell thấy mũ bảo hiểm của t đâu thề cảm giác lúc đó cay vcl, cuối tuần đã dell còn tiền mới về nhà, nhà thì xa tận mấy chục cây chừa đủ tiền đổ xăng về mà thg ché đỏ nào nó lấy mất mẹ cái mũ thiệt lúc đó camera mà ngon như h t trích xuất camera rồi thuee Người Đồng Nai đăng luôn. Má cái thg đó lấy nón t chắc h cũng chưa ra trường đc đâu cô hồn chứ có phải người đâu mà đi học ĐH chi k biết.",,1
806,"Nếu có 1 điều ước, t ước mấy con súc vật trộm mũ bh đi đường bị xe cán cho lòi cái bộ não được đắp bởi 💩 của chúng nó. Thứ cặn bã.",,1
807,"Nhớ năm 2014 hí hửng  lên trường để học ngày đầu tiên, bố tặng cho cái mũ bảo hiểm 500k siêu đẹp chạy tới trường treo lên xe cúp 50, vừa rời xe 5p quay lại tính lấy ly nước treo ở xe thì bốc cmn hơi cái mũ 🤡",,1
808,[NAME],,1
809,[NAME] nón mua đc 3 tuần còn bị cô hồn cướp mặc dù để đối diện chổ bảo vệ !,,1
810,[NAME] ai lấy trả t nón sơn màu đen đây. Cảm ơn bạn,,2
811,Nếu bạn dư tiền thì làm việc khác hoặc trường khác sẽ là một lựa chọn sáng suốt hơn,,1
812,tiền ra như thác đổ luôn :v,,1
813,[NAME] [NAME] anh này nha 🤣,,1
814,Ngư Ngư tròi oi tiền học mới x3 x5 lần thời điểm mình đi học chứ mấy 🤣🤣,,1
815,[NAME]  chúng ta còn quá may mắn 🤣🤣,,2
816,Gia đình dư dả thì dô e ơi,,1
817,[NAME] cũng có ổn đâu mà dô c =)),,1
819,"Sinh viên đã ra trường cho em lời khuyên là
Kiếm trường khác mà học",,1
822,Khánh Duy chạy liền chạy vội,,1
823,"[NAME] dả tiền thì ra trg khác mà học cái bằng nó chất lg hơn , tất nhiên là cách dạy lẫn cơ sở vật chất, còn nếu muốn học thì học ok thì ra trg đc hết , chỉ là tốn bn với khi nào ra thôi , hãy đăng ký chuẩn theo các kỳ đừng để rớt môn , rất khó đk học lại , nói chung cái j cũng phải chuẩn , phải kỹ , còn về vấn đề vận hành , thì cái trang đk môn nó nghẽn lắm mặc dù trg đầu tư server ngon ( mà k xài ) , còn về mấy cô dịch vụ 1 cửa ( hay gọi dịch vụ hậu mãi , bảo hành ) thì chắc thôi bỏ qua , xử lý toàn bỏ con thôi :))",,1
824,[NAME] bạn anh nó học 7 năm r chắc hơi nhiều kinh nghiệm,,1
825,[NAME] vào đây tao luyện cho thành người hết,,1
826,[NAME] thành ngôn phi thứ 2 à e,,1
827,[NAME] phát ngôn bậy bạ kkk,,1
830,Tran [NAME] mình sao ác bằng trường mình dc =)))),,1
832,[NAME] sao lại nói v,,1
833,"Hãy dạo quanh 1 vòng cfs đọc những bài chia sẻ tận tình của các bạn đang học rùi quyết định nhé. [NAME] phải sau 1,2 năm học lại lên cfs than nhó 🤫",,2
834,Thanh Phong chất lượng giảng dạy = chất lượng tự học :))),,1
835,Muốn biết nhiều hơn ib c chỉ cho nhen,,1
836,[NAME] sao chỗ nào cũng có mặt chị vậy 🤣🤣,,1
837,[NAME] kkk chị làm công không ăn lương đó em. Thương c chưaaa,,1
838,[NAME] khổ chị hết lòng vì DNTU mà ko đc công nhận,,1
839,[NAME] chỉ em nữa em cũng mún biết 👉🏻👈🏻,,1
840,[NAME] gì đây ní hh,,1
841,Đừng enmn bỏ qua trường này đi,,1
842,Nhà e nhiều tiền thì cứ đâm đầu vô thôi e,,1
843,Ổn chỗ nào Đặng Linh chị này học chưa thấy đường ra trường,,1
844,[NAME] thích mai c ra giờ ở dó mà chưa thấy kk tại c học kĩ hơn ngta xíu thui mà. 🥲🥲,,1
846,Chạy ngay đi đừng nhìn lại phía sau :))),,1
847,[NAME] s tui thấy bà hay kêu ngta chạy quá à :)),,1
848,Châu Châu hồi tui năm nhất là tui đã kiu ngta chạy ròi bàaa 🤣,,1
849,[NAME] thế s bà ko kiu tôi chạy đi 🤧,,1
850,Châu Châu bà thì để ngiu bà kiu đi 🤣,,1
852,"0943000943 thầy Thái
Chuyên tư vấn tình cảm
Giá cả phải chăng",,1
853,Né ra dùm đi trời nói biết nghe đi 🙂,,1
854,Lượn sớm giờ còn kịp bạn ạ,,1
855,[NAME] đọc cmt giải trí :)),,1
856,"Cơ sở vật chất thì ổn thật máy lạnh mà lạnh run người luôn mà, thư viện là chỗ nghỉ ngơi mà ko cho nằm khi nào đông thì ko có chỗ ngồi, có thang máy chỉ dành cho gv nên học tầng 4 5 là tự leo lầu, vô học 1 cái là đủ thứ tiền",,1
857,"[NAME] thì học bạn, gia đình kinh tế trung trung thì học hơi vất vả",,1
859,[NAME] Sao mà thật thà v,,1
861,Hữu Điền sao vậy học r à,,1
863,"đừng em ơi, khuyên thật đấy, em cân nhắc lại các trường khác và suy nghĩ cho kĩ vào",,1
864,Chien [NAME] tư vấn cho em nó tí đi kìa :)),,1
865,Viết Tùng mẹ cái này rm nó phải năhns riềng vs toi toi ms chịu chỉ,,1
866,Nhìu khi thấy dị mà ko phải dị :)),,1
868,Học k biết khi nào ra,,1
870,[NAME] khuyên em nó đi kìa,,1
871,[NAME] em biết mỗi [NAME],,1
872,[NAME] chạy nhanh còn kịp :))),,1
873,[NAME] vô đi cho nó khó :)))),,1
874,[NAME] em hỏi kìa,,1
875,"[NAME] nên vô e ơi, Có e cơ sở vật chất của tụi a mới tốt lên đc",,1
876,please này là vũng lầy luôn chứ vết xe đổ gì!!!,,1
877,Nín liền cho chụy. Đừng hi vọng cưng à,,1
878,Ng Ngọc Trang đồ hư hỏng kia ko đc nv nhé,,1
879,[NAME] rì viu kìa bạn 😆,,1
880,[NAME] trường oki á vô học đi em,,1
881,[NAME] alo nghe nói bạn cũng muốn vào trường này,,1
882,Quách Hải Nam ko nêu cảm nghĩ kkk,,1
884,[NAME] k như nhữg j chúng ta thấy đâu :)),,1
885,[NAME]  dc cái vở của trường oke,,1
886,"Mọi thứ đều ok, đáp ứng được nhu cầu của em nhưng tài chính của em có đáp ứng được k 🤣",,1
887,"Vô cơ sở vật chất thì tùy nghành như nghành mình là khách sạn thì thấy khá oke thì khá đủ còn mấy nghành khác thì cái có cái không nhưng cũng có, đi học máy lạnh lạnh sun vòi. Giáo viên thì ai dạy cũng vậy có khô cỡ nào chỉ cần học đàng hoàng thì vẫn tiếp thu được. Vào trường dạy lại cái căn bản nhất nên năm đầu là học vài môn trong nghành còn lai là học căn bản lại từ tiếng anh tới môn toán. Nhiều môn nó chia ra thành nhiều môn khác nữa nên thật sự ổn định về mặt tài chính thì vào học ~ 40 tr năm.",,1
888,[NAME] Anh [NAME] cơ sở vật chất sao em,,1
889,Khánh Toàn bé nó đọc cmt cũng hiểu r. Mình k phải nói thêm đâu 😓,,1
890,[NAME] haizz nổi khổ k của riêng ai,,1
891,[NAME] nghỉ học đi bạn,,1
892,Vào thử hc là muốn chuyển sang trường khác hc🤣 Tantai Nguyen,,1
893,[NAME] khuyên e nó đi 🤣,,1
894,Mấy em đặt xe đi du lịch ới a. Có thẻ sv giảm nha,,1
895,[NAME] xin ít rì viu kkk,,1
896,bây giờ bạn muốn nghe kiểu nhà trường hay từ cá nhân sinh viên,,1
897,https://tuoitre.vn/dai-hoc-cong-nghe-tp-hcm-ong-hoang-anh-tuan-khong-dat-chuan-giao-su-20230807192843206.htm,,1
898,Lãnh đạo của [NAME] đây nhé em.,,1
901,[NAME] nói ít hiễu sao thì hiễu ☺️,,1
903,[NAME],,1
904,[NAME] g em hỏi cj nên né gv nào ra khi học thì cj trl đc chứ hỏi câu này khó trl,,1
905,[NAME] các cụ có câu quay đầu là bờ,,1
907,[NAME] a đức viết à :)),,1
909,"[NAME] Theo kinh nghiệm của mình thì vào sớm auto ngồi đầu + với cô viết j chụp lại hết về tự nghiên cứu và xem youtube sau. Còn giảng viên khó thì mốt đk né người đó ra bất khả kháng lắm thì chơi bài lỳ, cứ lỳ lên hỏi tới tấp vào càng chửi càng hỏi tiền mình đóng ra mà, còn không được nữa thì viết đơn đổi giáo viên cả lớp ký tên vào. Về vấn đề học phí thì trường tư nào chả thế và càng ngày càng tăng theo năm, bạn đk học vượt đi càng nhanh ra trường thì càng đỡ tốn tiền. Nói chung là trong thế bí thì bản thân mình càng được rèn giũa và có thể phát triển hay không tùy thuộc vào bạn cố gắng bao nhiêu. Bản lĩnh lên nhé bạn!",,2
910,"Trc t còn dính gv kia lên lớp chả dạy gì hết, quăng tài liệu cho tự học xong đến lúc thi ra đề trên trời đây (học mạng nhé) =))",,1
911,"[NAME] có ông sv kia, mây lò mà học mạng cứ đòi 9 điểm 😑 bữa sau mà gặp cho 0 điểm 😑",,1
912,Tuan Anh ông sv nào vậy ạ ?,,1
913,"[NAME] hỏi ông [NAME], ông nào ngồi cạnh ông Tân mà DNS máy cùi mía ko cấp dc đấy 😑 ông nào béo nhất lớp ó 😂😂😂😂",,1
914,[NAME] game nha em :))) hay làm app chuyển văn bản thành giọng nói,,1
915,[NAME] code game em ơi =)),,1
917,"ngoại trừ cơ sở vật chất, 1 số giảng viên ít ỏi thật sự có tâm và các cô lao công dễ thương ra thì mình chẳng tìm nổi một lý do gì để khen cái trường này nữa, sai lầm lớn nhất cuộc đời là chọn dntu, chất lượng giảng dạy quá tệ, cố vấn của các bạn không biết làm sao chứ của lớp mình thì phải gọi là quá nghiệp, lần đầu học máy móc, không biết làm lại bị chửi là ngu, cái gì chưa rõ hỏi cố vấn thì họ lười trả lời sinh viên đến mức bảo sinh viên lên web trường tự mò. có lần mình xuống 1 cửa còn thấy mấy thầy cô ở đấy chửi bạn kia là cái gì cũng xuống đây hỏi. riết r cũng không hiểu họ nghĩ gì",,1
918,Tụi nhỏ nay chiệu học ghê thời a là qua môn dc rầu,,1
919,Có tk bạn [NAME] học 6-7 năm chưa thấy ra trường,,1
920,[NAME] ko nỡ lòng nào xa mãi  trường thân yêu,,1
921,"Khanh Nguyên tao đợi mày vô
Hc lại á thằng lờ",,1
922,[NAME] kkk sắp lên học lại r,,1
923,"Đã thế còn nuốt tín chỉ của sv, lên giải quyết thì kêu cô ko biết , em học chưa hay như thế này thế kia , có bạn bị nuốt tới tận 10 tín , lên giải quyết thì bị nói này nói nọ kêu e tự mò kiếm đi , học phí dí thì có đi làm girl cũng ko đóng kịp , ko đóng thì bị khoá trang sv , dù gì ko đóng cũng có cho thi đâu mà , xây căn tin ra thì đóng ko mở vậy xây lại cái quái gì , mấy cái kiot cũng đóng , học 4 năm đại học bước chân vô tv dc 3-4 lần bắt đóng tiền thư viện , mà trưa vô nghỉ tí cho mát thì ko cho , nhân viên trong đó thì thái độ như mẹ , cùng đóng học như nhau mắc cái gì thái độ , thui nói v để cho mấy e muốn bước chân vô thì snghi cho kĩ chứ mất công vô rui thì lại lên phốt mà phốt đúng hong à",,0
924,[NAME] nói lắm vậy,,1
925,[NAME] tính là gửi file luôn á nói v đã lgi,,1
926,[NAME] ai nhập c hả,,1
927,[NAME] t cay hiểu hong,,1
928,Dạo này lắm bài đăng về trg quá :))) đọc tiếp nek Charlotte Tus,,1
929,[NAME] thấm đến từng cọng lông,,1
930,[NAME] thấm á đại ka,,1
931,Năm nhất hả em 😁😁 nếu năm nhất thì coi như tiền trải nghiệm rút đc r 😂😂😂,,1
932,Trọng Nhân nào nào để các em tự trãi nghiệm 😂,,1
933,[NAME] ít bữa đi nhậu nghỉ học mấy tiết h á kkk,,1
935,nếu có tiền t vẫn chọn [NAME] để học văn bằng 2 😂,,1
936,Trọng Hoàn an ủi e nó đi m,,1
937,"Mấy buổi đầu học định tuyến & chuẩn mạch
Nghe thầy [NAME] bắn rap xong ngơ ngác chẳng hiểu gì
May mà tự xem tài liệu vs chatGPT nên mấy bữa sau CX ổn
Nên mình cố đc đâu thì cố
K cố đc thì do mình chọn sai nền văn minh",,1
938,[NAME] thôi cố lên fen,,2
939,[NAME] chặng đường 4 năm nữa của mình qua lời mấy bông tuyết này nghe sợ nhỉ,,1
940,Đại Học Công Nghệ Đồng .......,,1
942,[NAME] vài bữa chán nằm cuối ngủ giờ 🤡,,1
943,Kim Anh ai lúc đầu cũng háo hức cả,,1
946,Nhật Trường m đoán ai :)),,1
950,"Mã môn trong học phần thay thế thì để mã môn của khoá cũ, hỏi thì kêu em đăng kí trong học phần thay thế á, rồi mã môn cũ có mở đâu mà đk 🥲",,1
951,"Những bài như này ko thấy thầy cô nào xuất hiện giải quyết cho sinh viên, còn bài nào mà gặp mấy em cấp 3 vào hỏi có ý định vào trường thì các thầy cô rất nhiệt tình",,1
952,Nhật Trần Thì dụ dc đứa nào hay đứa đó thôi,,1
953,[NAME] a ba cb ra trường r. [NAME] gê,,1
954,[NAME] kkk.,,1
955,[NAME] nói j chưa ngầu,,1
957,Đức Cường 😌 rấtt mất tgian nha bạn,,1
958,"Với tư cách là cựu sinh viên từng vất vả với đủ thứ của trường thì mình khuyên , ráng học xong ra trường cho lẹ, càng ở lâu càng mệt 🥴",,1
959,Trường sắp lên công lập nên làm dần cho giống cơ quan hành chính 🤭,,1
960,[NAME] công lập hay bị công an lên gặp,,1
961,[NAME] t khong cần biết lmf ơn mở bơi với tiếng anh cdr cho tao là được :)),,1
962,[NAME] ráng đuy iem,,1
965,Trường ngày càng nát như cc. Không lo phát triển đào tạo chỉ lo thu tiền sinh viên là nhanh,,1
966,"Ra trường rồi mà trường vẫn chưa thay đổi gì hết ha, đáng yêu ghê",,2
968,"Xã hội bên ngoài cũng vậy á bạn ơi tập làm quen đi, trường đang dạy bạn kỹ năng sống đấy🫡",,1
969,[NAME] không ai tận tâm bằng [NAME],,1
970,anh/chị/em/bạn có vấn đề gì thì cứ có luận cứ+luận điểm+dẫn chứng cụ thể kèm với lập luận chặt chẽ khi xuống phòng một cửa gặp gv thì sẽ được giải quyết như ý mình thôi nè 🤭,,1
971,Thuý [NAME] sao t thấy cái khúc thí dụ nó quen quá. Mình đang gặp phải kk,,1
973,Hoang Thien may quá tốt nghiệp r :)))),,2
974,Nói thẳng ra là 1 cửa chỉ được nạp tiền là lẹ còn lại trách nhiệm cứ đùn đẩy nhau 7749 vòng tuần hoàn,,1
975,[NAME] tiếng lòng của t với m nè :))),,1
976,Cái gì mà liên quan tới tiền là làm rớp rẻn lắm 🤣🤣🤣.,,1
977,[NAME] Sĩ:))),,1
978,[NAME] nỗi lòng sinh ziên😢,,1
980,Bạn đi năn nỉ trên trang đi là được. Mình cũng đi năn nỉ mới được đấy =)),,1
981,Mỹ [NAME] :)),,1
982,[NAME] bởi nhiều cái riết đéo buồn nói mà:)),,1
983,[NAME],,1
984,"Thúy [NAME] làm riết nhiều cái kh muốn nói, giáo viên bận thì sinh viên cũng có việc bận của bản thân mà, mà mỗi lần gặp vấn đề là bị xoay như chóng chóng đi lên đi xuống lầu hỏi tới hỏi lui rất là mất thời gian luôn😮‍💨",,1
985,[NAME] mắc mệt lắm rồi bà oiii,,1
986,[NAME],,1
987,[NAME] bị phốt quài mắc cỡ quá 2 ơi,,0
988,[NAME] Noo Phước Thiện :))),,1
993,[NAME] chỉ có tiền là nhanh thoi còn lại như rùa bò =))),,1
994,Hữu Điền thôi cố xíu đi,,1
996,"[NAME] thì e chuyển qua học KD đi để dk đi thực tập tại DN làm trong môi trường sản xuất, công việc cụ thể là làm “công nhân lao động dưới xưởng” :v",,1
997,"[NAME] ngồi ngắn linh kiện, tăng ca 12 tiếng tuần ca ngày, tuần ca đêm đồ đó 🤣",,1
998,"[NAME] cống hiến hết mình, học hỏi kinh nghiệm đăng ký làm thêm CN này 😅",,1
999,"[NAME] ê ghê z, đăng ký làm CN luôn hả kkk",,1
1000,"[NAME] v mới đủ kiến thức, kinh nghiệm, trải nghiệm viết báo cáo 😅",,1
1001,"[NAME] nhắc lại còn thấy sợ á, 4h30 sáng dậy cbi đi làm đến tối về. Hoảng hốt :)))",,1
1002,Dylan Le thôi Tùng ko được trêu bạn :v,,1
1003,"Hữu Quyền đâu, đâu trêu gì đâu :v",,1
1004,Thực tập z là sướng rồi còn gì,,1
1005,[NAME] chuyển ngành đi a :)),,1
1006,[NAME] đỡ hơn Thành Hậu r kk,,1
1007,[NAME] má khóc thét,,1
1008,"Tại sao thay vì phàn nàn thì em có thể giúp giảng viên quản lý lớp, hỗ trợ các bạn sinh viên mà em lại đi bấm điện thoại. Đó là ý thức mỗi người thôi em ạ. Em cũng có thể nói với giảng viên cho bọn em những tiết demo nhỏ hay soạn lesson plan gì đó. Thay vì phàn nàn thì hãy hành động. Chị học cùng ngành với em và chị cảm thấy học được nhiều điều. Mong em sẽ xem xét lại.",,1
1009,"An Phong Vo đúng dậyyyy đóoo, đã vậy mình còn có thể điền vào CV là thực tập tại trường ĐH nữa chứ",,1
1010,[NAME] đúng rồi,,1
1011,Thành Hậu đỡ hơn đi làm lao công nhể,,1
1012,[NAME] haizzz thời t ko mún nhớ 🥹,,1
1013,Ui em ơi thực tập sau này nhà trường gt việc làm thì ở đâu cũng lỏ hết á em :))) ny chị đc trng giới thiệu vào cái chỗ làm bắt ot chetme xong là tháng 8 củ 🤡 ny chị làm cơ khí. Thế là bg chị k có việc đây đầu ra mà kiếm việc k nhận ngay cả trường cũng k nhận chị trong khi có kinh nghiệm làm cho khoa thì em còn mong đợi gì nữa em ơi,,1
1014,[NAME] ủa em :)),,1
1015,Anthony Nguyen dạ anh :))),,1
1017,Đi ra ngoài Công Ty hay hay bệnh viện thực tập đi sẽ thấy bị đàn áp nhục như thế nào mà ko dám cãi .,,1
1018,[NAME] chia sẻ vài lời lần đi thực tập của chuỵ đi chuỵ gái êu,,2
1019,[NAME] liên hệ liền dới Hiền Lương và Lê Huyền để nghe cảm nhận chi tiết và rõ ràng hơn nhé kkk,,1
1021,"cái chị kia thực tập vào lớp mình , ăn rồi gọi mình phát biểu suốt , biết cái j đâu :((",,1
1022,[NAME] cô nào kiu k cho thực tập ở trung tâm mình đang làm dị chèn 🤔,,1
1023,[NAME] này hong biết,,1
1024,2 anh [NAME] đi thực tập nhàn lắm,,1
1025,"Duy Tân anh này cũng ngồi bấm đt từ sáng tới chiều, cuối tháng nhận lương thôi nè",,1
1026,[NAME] ko ngờ k17 cũng ấy ha,,1
1027,[NAME] ấy há miệng đi Đại mớm cơm cho,,1
1028,[NAME] đi doanh nghiệp kìa,,1
1029,[NAME] chắc 10 cái cfs nữa,,1
1030,Lương Trần có gì bất ngờ k bạn :v,,1
1031,"Công Tuyến ùi chịu, hk nên nói gì vì hk có gì bất ngoà",,1
1032,Lương Trần lót dép hóng :v,,1
1033,[NAME] cô dạo này ổn hong :))),,1
1034,"Thay vì em phàn nàn và than phiền thì ban ngày em đi học, tối đến em đi dạy ở trung tâm đi. Kinh nghiệm đầy. A 4 năm đi học, từ năm nhất đã đi dạy rồi, vừa đi học vừa đi dạy 4 năm đó. Ra trường tự tin viết cái [NAME] có 4 năm kinh nghiệm đi dạy luôn :)). Còn thực tập ở trường coi như một môn học thôi nhé",,1
1035,"[NAME] tóm lại cũng từ ý thức ng đăng, nói thẳng chả có thầy cô nào kêu: em bấm đt đi. Thực tập ở đâu chả vậy.",,1
1036,[NAME] đúng đúng,,2
1037,[NAME] a này hay ta,,1
1038,Quỳnh Hương nhỏ này nằm vùng ở đây hả,,1
1039,[NAME] gì ai bic gì,,1
1040,[NAME] nêu cảm nghĩ đi :))),,1
1041,https://maps.app.goo.gl/giiWGoByyHazKnpi6?g_st=com.google.maps.preview.copy,,1
1042,"chuyện là mình cũng là sinh viên cũ của trường... cũng mới mở quán cà phê gần trường,.. quán cũng chill yên tĩnh, các bạn cần nghỉ ngơi hoặc cần không gian riêng học bài, chạy dealine thì đến ủng hộ mình nhé. 🫶🫶❤️❤️",,1
1043,Có thể làm đơn đki học phần mà,,1
1044,[NAME] quá quen với cách làm việc của trường này r,,1
1045,Hang [NAME] làm riết rồi cũng quenn với việc này haaa,,1
1046,"Kinh nghiệm chia sẽ lại cho chủ thớt, môn kĩ năng mềm thì liên hệ vội cho thầy Thuật để tìm hướng giải quyết",,1
1047,[NAME] chờ 1 môn từ năm này tới năm kia :vvv,,1
1048,[NAME] chờ hơn chờ chồng kkkk,,1
1049,[NAME] đọc cho vui bà,,1
1050,Hồng Ngọc 800k k cánh mà bay😂😂,,1
1051,Bạn mình đợi 2 năm chưa trả xong :> [NAME],,1
1052,[NAME] Không dám nói gì luôn🤣,,1
1053,[NAME] nói là thêm 1 năm nữa,,1
1054,[NAME] để coi bao nhiêu lâu t với m ra trường :))),,1
1055,[NAME]  !!! S thấy nó nhức đầu,,1
1056,Ngọc Diễm Trần Thị Thu Hiền Bích Phượng xin ý kiến ạ,,1
1057,[NAME] k bt ns s luôn:))),,1
1058,"Cứ bình tĩnh e ơi 🤣 lo kiếm việc làm, tích luỹ kinh nghiệm mới là quan trọng e ơi. Bằng biếc quan trọng đ gì (nhưng mà không có không được) 🤣 lấy sau cũng được. A đi làm từ 2016 tới 2024 mới đi học lấy bằng đây này. Chứ giờ cầm bằng ra trường không có kinh nghiệm lại bơ vơ vật vờ ấy mà.",,1
1059,Lên [NAME] khuyến nại luôn e eii,,1
1061,Mang tiếng công nghệ nhưng chả thấy đâu cả mn ạ hồi e học toàn chờ chực để đăng ký mà lag lên lag xuống,,1
1062,giống ngày xưa dính CC tin học =))) như qq dị đó 🙂,,1
1063,Việc không cho chọn nơi thực tập còn thông cảm nhưng việc bấm đt thì dĩ nhiên ai cho mà xài. [NAME] từng đi làm phục vụ người ta không cho xài đt thậm chí không cho ngồi trong giờ làm việc cơ. Nhưng cố lên bạn nhé,,2
1064,Mình lên tận cửa rồi còn đi về khóa sau đây bạn,,1
1065,Em còn mí môn nữa làm th10 này em ra luôn đc k mn😑,,1
1066,"bạn nói sao vậy. mình chả tin đâu. trường mình là trường đại học công nghệ, cơ sở vật chất kỹ thuật rất hiện đại làm sao mà có chuyện đó được cơ chứ, bạn thử đợi xem sao, có khi là nhầm lẫn gì thôi
.... đó là người khác sẽ nói vậy... còn tui thì... kbiet nứaaaa 🙂‍↔️",,1
1067,móc đt ra quay video đi b tự mấy cổ chỉ bạn à,,1
1068,Bảo Vy ra trường chưa cđ :)),,1
1069,Minh Tâm đợi điểm đi xét liền,,1
1072,[NAME] hồng trà ngô gia cho mát nè chế =)),,1
1073,[NAME] thặc tệ,,1
1074,Thanh Thảo VyHồng Phạm bùn của chung,,1
1076,"[NAME] ""Công với chả nghệ"" 😂😂",,1
1077,"Sống chết mặc bay, tiền thầy bỏ túi :((",,1
1079,Ngọc Nhi hên cho chúng ta,,1
1085,Thanh Hậu bộ xương di động ứng tuyển liền :)),,1
1086,[NAME] xương nào 56kí má,,1
1088,Khánh Linh dắt tui đi :v,,1
1089,[NAME] thời mi tới dòi nì,,1
1090,"[NAME] nhìn khe thử gòiii, xe chắc em bé chui chớ ai chui nổi 🤣",,1
1091,Hông ấy đi 1 nửa cơ thể đc kh,,1
1092,[NAME] m ơi để t rinh sh về,,1
1093,[NAME] thời tới r kìa,,1
1094,[NAME] hân lọt cho bít thì ok,,1
1095,[NAME] bít k lọt mô,,1
1096,[NAME] đi hốt nè,,1
1097,[NAME] tuyết trinh nói đợi thi bằng lái xg trinh qua lấy xe về,,1
1101,[NAME] tới nào chắc đc 2 xe à,,1
1102,Tin juan chưa để đi đồn,,1
1104,[NAME] m oi t tin m mang sh về,,1
1105,"[NAME] m sai r, t lại nghĩ m sẽ làm đc lấy xe về đi bạn vs m đi phượt",,1
1106,"[NAME] b lại sai nữa , chắc t chỉ lọt cái giò th",,1
1107,[NAME] bạn quay lại hồi 5 năm trc thì  bạn tin là lấy đc sh r,,1
1108,Tình bạn lọt khe cho tuiii chiếc xe đi bạn,,1
1109,[NAME] qua chở tao lên,,1
1111,Su [NAME] m chui 2 lần lấy cho bạn 1 chiếc coy :)),,1
1113,Ngọc Ánh em ứng bạn này,,1
1114,[NAME] lấy sh ny ơii,,1
1115,À em hong phại 40 45 kg,,1
1116,[NAME] ủa giỡn mặt hả,,1
1117,Minh Thư anh coá dám giỡn mặt với em âu 🥺,,1
1118,"[NAME] BIÊN HOÀ, CHUI QUA, CHUI LẠI CÁI CÓ XE SH 70 TRIỆU LIỀN. [NAME], NHẸ NGƯỜI TRIỂN LIỀN‼️
Đặc biệt từ 14-16/6 ghé chi nhánh mới của [NAME] để nhận combo uống nước phủ phê: Starbucks, Koi, Phúc Long, Zentea. Hoàn toàn miễn phí, không kèm điều kiện gì nha.
🆘Rồi khai trương mà không ghé sắm vài e kính hịn hịn thì tiếc đùi đụi à:
- Gọng kính giá 1k
- Kính mát giảm 70%
- Thu mua lại hết thảy gọng kính cũ, bể nát, gỉ sét,…giá từ 300-600k
🆘Chưa hết, bạn nào mà không lọt được khe nào thì bốc thăm đi nha, lấy MacBook, Ipad về xài bá cháy lunnn
🎯 1291 Phạm Văn Thuận (đối diện Vincom nha)
Ngoài ra HMK vẫn còn 2cn ở
📍241 Đồng Khởi
📍1249 Phạm Văn Thuận",,1
1119,Tuyên [NAME] m chui khe cho t,,1
1120,"[NAME] chị đưa em đi đi, e lọt qua lọt lại 5 lần cho chị",,1
1121,Văn Tình thời của em tới rồi nè anh,,1
1123,[NAME] xúi dại đi qua cái mình nha cái đầu ở lại,,1
1124,[NAME] ẩu nữa a kkk,,1
1125,Bảo Trân anh tặng em con sh,,1
1126,[NAME] qua hốt con sh lẹ,,1
1127,[NAME] xuống rc bảnh lên đi rồi bảnh tgia 🤧,,1
1128,Thu Hiền lên lấy xe về bạn,,1
1129,[NAME] luôn nè,,1
1131,[NAME] qua lấy sh kìa,,1
1134,[NAME] bao giờ để t đi ngay nè,,1
1135,[NAME] 2 đứa mình chần chừ gì nữa 🤣🤣,,1
1136,[NAME] đki lụm liền đi kìa,,1
1137,[NAME] chở Em lên lụm dìa i hỏng bic đường kk,,1
1138,[NAME] cỡ em chắc lụm một cái một é kkk,,1
1141,[NAME] Vy Hà Hồng Phượng Vy Khánh Trần kìaaa,,1
1142,[NAME] khó quá bỏ qua đc hk🤣,,1
1144,[NAME] kẹt ngay ô đầu thì khổ 🥲,,1
1146,[NAME] sao qua nổi..,,1
1148,[NAME] đi liền đi chứ để lãng phí,,1
1149,[NAME] mai đi em êi,,1
1153,[NAME] dạ,,1
1154,[NAME] [NAME],,1
1155,[NAME] hơn r s lấy,,1
1156,Mỹ Linh lỗ z con nít còn chui không lọt 😩😩,,1
1157,[NAME] như chui lọt đó chui ik,,1
1159,[NAME],,1
1161,[NAME] để thử haha,,1
1162,[NAME] [NAME] đi lấy SH thuiiii:)))),,1
1163,Cúc Hương này tag trang đc chứ tụi t chắc lọt đc cái giò là hết cỡ r,,1
1164,Huynh [NAME] tag zui chứ biết là k lấy đc r á:))),,1
1165,[NAME] đi lấy SH liềnnn,,1
1166,Diễm [NAME] đi lấy sh nè,,1
1169,"Bạn không phải nghe ai nói cả, đừng tự ti gì hết h thay đổi liền cho họ hối hận có khi quay xe không kịp .Nhưng ngộ nha đẹp hay xấu h mang lên bàn cân để nói con gái người ta vậy hả?",,0
1170,"""Nếu sinh ra không có mệnh công chúa, hãy sống với một trái tim nữ hoàng"". Trời không phú cho vẻ đẹp ngoại hình, hãy xây dựng cho mình một vẻ đẹp tri thức. Có rất nhiều cách để bản thân trở lên có sức hút, tóm lại chỉ khi bản thân có giá trị và thực lực thì sẽ có được sự tôn trọng của mọi người.
Chúc bạn thành công.",,2
1171,[NAME] Nghĩa thế sao anh cứ gọi toyy là mặp thế hả,,1
1172,"Kim Ngân Bạn êi đừng báo nữa, nhà mìn còn gì đou 🥲🥲",,1
1173,Peter [NAME] cho xin hộp bánh su kem nha anh trai ☺️,,1
1174,"[NAME] có 3 loại: 20k, 40k, 60k. Phí ship 10k. Chọn loại nào??",,1
1175,"Mình thấy là sức hút từ tính cách nó quan trọng hơn ấy, chuyện làm nhóm thì mình thấy khi mình giỏi thì mn sẽ tự tìm đến mình ấy. Mình không có vẻ đẹp bề ngoài thì mình có thể có vẻ đẹp tri thức nè bạn, tui thấy là một người có dáng vẻ tự tin thì sẽ toả sáng thôi dù cho ngoại hình bạn không bắt mắt. Cố lên bạn, nói chuyện với nhau bằng thực lực đi chứ đừng để ngoại hình hạn chế mình",,2
1176,Hãy tự yêu bản thân mình hơn thì nam nhân k còn là vấn đề. Đồng ý là có nhan sắc thì sẽ được giúp đỡ dễ dàng nhưng nếu bạn biết tự tin hoạt bát và tích cực thì mình nghĩ các bạn nam sẽ thích hơn là mỗi vẻ ngoài . Vậy nha. [NAME] gửi hết tâm tư tình cảm vô cmt này vì tớ đã từng bị trêu chọc về nước da ngăm và nhan sắc k nổi bật với các bạn khác nên tớ hiểu . Hãy học cách yêu bản thân và làm đẹp chính mình hơn 🫶 Tự tin lên nha,,2
1177,Mình k  đc quyền lựa chọn số phận khi mình sinh ra. Nhưng mình được quyền thay đổi nó mà bé ơi. C k tính cmt nhưng mà nếu em đọc dc cmt này của chị thì em hãy tích cực lên nha. Bản tính thì khó thay đổi chứ vẻ đẹp bên ngoài thay đổi mấy hồi bé oi. Hãy biến điểm yếu thành điểm mạnh. Tự tin và tính cách dễ thương em sẽ dễ dàng dần trong các mqh luôn đấy. Lạc quan lên cô bé ơi. [NAME] c cũng có xinh đâu. Mà tới h cũng chưa xinh nữa. Nhưng c chẳng buồn hay tủi thân gì hết. Hãy tập trung học và đi làm.sau này có tiền rồi đầu tư vào bản thân nhiều lên.yêu bản thân thật nhiều nhé. Lúc đó em sẽ hiên ngang hơn nè. Chúc em gái hoàn thành tốt khóa học và luôn lạc quan nha❤ ❤❤,,2
1178,[NAME] nói thế thôi chứ mình thấy bây giờ b xinh lắm rùi hi,,1
1179,"Nếu không có vẻ đẹp về nhan sắc, thì hãy cố gắng làm đẹp mình bằng tri thức. Đọc nhiều sách, học tập kĩ năng, nâng cao bản thân, tự nhiên em sẽ tỏa ra khí chất ngời ngời ấy, không cần đẹp mọi người cũng sẽ âm thầm ngưỡng mộ vì em giỏi. Cố lên nào, đừng tự ti em nhé, mình đang trên hành trình hoàn thiện bản thân mà. Hãy trở thành phiên bản tốt nhất của mình nha.",,2
1180,[NAME] ôi. Lâu lắm mình mới thấy một cmt hợp ý đến vậy. Chúc bạn những điều tốt đẹp nhất 🥰,,2
1181,"Lục An dạ chị, em sẽ học tập theo tấm gương của c, em ngưỡng mộ sự kiên trì và cố gắng của c lắm í",,2
1182,[NAME] 2 đứa bay thôi nha =))),,1
1183,[NAME] bạn học lớp chúng tôi bạn có bị bắt nạt như thế k,,1
1184,[NAME] t đẹp gái nhma vẫn bị bắt nath như thường mà =)))),,1
1185,"[NAME] :))))) bạn nói v oan cho bọn tớ, chúng tớ có làm gì bạn đâu",,1
