id,content_anonymized,label
2382,[NAME] ko biết phải người quen tụi mình không ha,
2384,[NAME] bữa nào thấy đc mời đi uống trà vs ban lãnh đạo là bk à,
2385,Anh [NAME] uống cũng âm thầm mấy đó giấu kĩ lắm,
2386,[NAME] mình âm thầm xem coi phải ấy ko 😂,
2388,[NAME] ra trường r mà vẫn đi bịp à,
2389,[NAME] t còn rớt môn lên rớt môn xuống mà đòi bán điểm cho ai :))),
2390,[NAME] Trần chứ hả🤣,
2391,[NAME] ảo thật đấy,
2392,Thụy Trần tí thì bị hiếu moon thuốc,
2395,Ây da xém nữa em mua mấy môn lun r :)),
2397,Oanh [NAME] ai trong 3 đứa này khai ra đi ngta phốt kìa tròi oi,
2398,Bích Ngọc 🤡 mới cắn có ít mà bị méc rồi chán ghê,
2399,ad cho xin thông tin để liên hệ vs 😁,
2400,[NAME] có vụ này luôn hả,
2401,[NAME] xờiiii xờiiii dữ dị seooo,
2402,La Thanh Thảo Ngọc Trang Khánh Linh Trần Epes Hmy Thuỵ Thanh Tuyền,
2403,[NAME] bạn thấy sao nào,
2404,Chắc phải tuyệt vọng lắm mới tìm đến giải pháp này,
2405,[NAME] cảnh giác nhé bạnnn,
2406,"[NAME] saoo nhắc có mình bạn zay
Sợ bạn mua điểm hỏ",
2407,[NAME] tại bạn có tiền để mua còn [NAME] có tiền đâuu,
2408,Nghe tới tiền là nghe mùi liền =)).,
2409,[NAME]  tk này chứ ko có lùa gà ae sv,
2410,[NAME] gọi dell thèm nghe máy thì cut,
2411,[NAME] kkk đang tu đợi xíu,
2412,[NAME] nhói,
2413,[NAME] [NAME] cần biết thông tin này,
2414,[NAME] mua điểm j ta,
2415,[NAME] cẩn thận nghe chưaaa :[NAME],
2416,Tại sao giờ trường mới phát hiện mà trong khi vài năm trước đã có rồi,
2417,Tấn Quỳnh mày làm điểm mà mạnh miệng quá ha,
2418,Quốc Khánh gì có tiền làm,
2419,Tấn Quỳnh ai biết nghe giang hồ đồn 😂,
2420,"Quốc Khánh nghe, nào thấy r tin",
2421,"[NAME] ko đc mua điểm thôi,chứ mua CTXH và mua luận văn thì đc",
2422,[NAME] các em lại quên lời thầy [NAME] ròii:))),
2423,[NAME] m đúng ko t nghi m lắm 😃🤨,
2424,[NAME] nghe danh đã lâu,
2425,Còn j nữa đou mà khók vs sou 🤣🤣🤣🤣🤣 -1 sv,
2426,Kim Mai thật là ngu ngốk 😂,
2429,[NAME] qua có đứa bảo mua điểm cho xong đoá🙂,
2430,Mỹ Duyên tố cáo luôn. Bạn [NAME] điểm đc loại giỏi này,
2431,[NAME] ta giỏi kiểu khác bây ui😕,
2432,[NAME]  nói bé bé thôi nào 😄,
2433,Mỹ Duyên đâu có dễ ăn tk được 🤣,
2434,Đc mà là Rút kinh nghiệm á😂😂,
2435,Lương Trọng Hiếu  câu này hay,
2438,Thiếu thì phải đóng thêm thì mới dc ra. Chứ thừa thì….,
2439,Đa Thị Ái Mỹ chị còn hong,
2442,"Ngọc Thương đúng z, hôm bữa t rút bình thường có sao đâu",
2444,[NAME] còn 100k vs mấy chứng chỉ chưa lấy vs sổ đoàn nữa,
2445,Ra kế toán làm đơn rút bt mà,
2446,Có nha mới rút 5 xị ra Nguyễn Kim Hạnh,
2447,[NAME] bửa đó khùm điên nè,
2448,[NAME] cắn rứt lương tâm,
2449,[NAME] trời còn thương nên rút lại đc,
2450,[NAME] ko rút được chắc cồn dô lào,
2451,ơ hay.....sao phải rút lại nhỉ?,
2452,Có flex quá hông dở :))),
2453,[NAME] má còn 5 xị k biết sao,
2454,[NAME] Rút được. Mà hơi lằng quằng =))),
2455,[NAME] rút sao cíu cíu,
2456,[NAME] rút ra đi chụy ơi,
2457,Thiên [NAME] chị kk,
2458,Thiên [NAME] tào lao nha bạn. Không nên phát ngôn kiểu đã kích và thiếu hiểu biết như vậy. Các trg hợp SV ra trường (tốt nghiệp) hoặc buộc thôi học thì đc rút lại số tiền còn trong tài khoản nha. Nói nhỏ chổ này các trg hợp bị buộc thôi học thì đa phần số công nợ không bao giờ dưới 10 củ nên tài khoản có 5-7 củ thì cũng trốn nhanh đi.hahaa,
2459,[NAME] nó hỏi gì vại bọn bay,
2460,[NAME] ra trường mà tưởng tấm chíu mới trải á. Tiền k lấy lẽ bỏ :))),
2461,[NAME] trả lời giùm mấy ẻm cái,
2462,[NAME] t còn 50 kkk,
2463,Lên làm đơn tại phòng KHTC rút đc nha!!!!,
2465,À làm khóa nữa cho nó trừ bớt nè,
2466,Được nhé. Mình rút về còn 230k,
2467,[NAME] h còn 22k rút sao ta 🤣🤣,
2468,[NAME] rút đi đổ xăng🚗,
2469,Xài nhiêu nạp bấy nhiêu tk còn 0đ tròn vo,
2470,[NAME] dữ tui còn dư lại 1 ít,
2471,[NAME] lẽ ra phải có cái nạp thẻ đth qua tk sv 😂😂😂,
2472,"tặng trường đi fenn để mốt trường còn làm bar để ae cựu sv lên quẩy, riêng mình còn 75k ko mong ngày nhận lại :))",
2474,"Biết ra trg thì nạp ít thôi, nạp cho cố vô",
2475,[NAME] để đành gửi xe khi về lại trường xưa chị nhỉ =))),
2477,[NAME]  ch đc 1ngay giu xe nua 🥹,
2478,2 đứa may mắn nhất đấy hỏi đúng lúc c còn 5k chia đều luôn,
2479,[NAME] c quin còn dư kh cho e xin kk,
2480,[NAME] còn 5k,
2484,"Hãy như [NAME]. Canh tiền cho đúng thì thôi
Canh từ lúc nhận bằng TN thì lên trg nhiu lần. Nếu dư 1k mà cả trăm sv thì đó là con số ko hề nhỏ",
2486,[NAME] Nhi 3k có rút dc khum😌🤣🤣,
2487,[NAME] bo đi mất công liên hệ 1 cửa kkk,
2488,[NAME] Nhi bo s dc 1k cug rút 😌dc cây kẹo mút oy🤭,
2489,rút được nhé mọi người,
2490,Này chắc phải lên trường,
2491,[NAME] Trung Hiếu 186.000 của tui vẫn còn nguyên,
2492,[NAME] tính toán tí như tôi đâu đến nổi,
2493,Giờ lên chắc đợi tới năm sau lấy đc,
2494,Tuyết [NAME] chắc chị được lấy á.,
2495,[NAME] còn 3 ngàn biếu trường,
2498,[NAME] check xem khéo còn mấy trịu,
2499,[NAME] ê m check chưa. Đc nhiêu,
2500,[NAME] 2 ông thần này vẫn báo trường à,
2501,"[NAME] ơi cho e hỏi là e nghỉ học mấy tháng là trường xoá tk của e luôn hay sao ạ, e đăng nhập vô k được nữa",
2503,Tiếng anh [NAME] sao có ai ko mn rớt 3 lần rùi 🥹🥹🥹,
2504,[NAME] ông lh bạn này kèm A2  cho nè Việt Huỳnh,
2505,Việt Vũ tui có bạn học chung rồi Đinh Mạnh Dũng,
2507,Mốt mà rớt môn nào ít ng rớt là coi ở luôn khỏi ra hả :)) Trần Công Sang,
2508,Quảng Bình [NAME] nó chưa thi cái môn này nè mày :))),
2509,[NAME] hết cứu :)) Lê Minh Khôi,
2510,[NAME] tổng quát 1 nha cha,
2511,[NAME] gồi t khóc tiếng mán m ơi🥲,
2512,Mỹ Duyên tưởng đâu m đăng k á kk,
2513,[NAME] t căn bản 2 hồi đó lỡ hông đki học cái giờ sos dữ🥲,
2514,[NAME] có rớt k kìa anh trai,
2516,Tường [NAME] tui  qua gòi đội ơn chời 🥲,
2518,Tiếng anh 3 thì sao vậy mn 🥲,
2519,[NAME] Nhi đổi thành ta tổng quát 1,
2520,[NAME] Nhi bà xin học lại chưa tui cũng rớt [NAME] nè,
2521,[NAME] chưa nè b ơi đợi mở lớp hoài mà hong thấy tui thắc mắc á. Chưa có thời gian lên trường hỏi nữa,
2524,[NAME] kiếm cb4đi:((,
2525,MaiMinh Hiếu hieuseuuuu tui nữa,
2526,MaiMinh Hiếu t nữa :)),
2527,MaiMinh [NAME] kiếm đi :)),
2528,[NAME] ké slot nha,
2531,Học 1 đóng tiền cho 30 vẫn dc nhe,
2532,[NAME],
2533,Thùy Trang Nguyễn ô cê,
2534,[NAME]  khong ai rớt là khỏi mở lớp dính lại khỏi ra trường luôn,
2535,[NAME]. =)) đen thui mình thì ngu TA nm dc cái hên,
2536,[NAME] thấy bà luôn,
2538,[NAME] cho mượn đt,
2540,[NAME]  màyyy điiiiii,
2541,[NAME] gắn bó lâu dài chứ ra trường sớm thất nghiệp :)),
2542,[NAME]  còn câu nào bào chữa hay hơn khong 😏,
2543,sao không học luôn tiếng anh 1,
2544,[NAME]  riếc nhiều cái mắc mệt ghia 🙄🙄,
2545,"[NAME] trường xưa h vậy mà, may là thoat ròi :))",
2546,Còn tiếng anh cb2 thì âo,
2547,Tiếng a căn bản 1 chính là tiếng a 1 hiện tại thì phải 🤔,
2549,[NAME] bao nhiêu lâu rồi vẫn chưa học được nữa =))),
2550,Tran Anh Thu đợi chờ trong vô vọng😌,
2551,[NAME] là hồi xưa để mồ hôi rơi trên trang giấy chứ để nước mắt chảy chắc giờ không biết lấy nước mắt đâu để chảy🤣,
2552,[NAME] giữ vậy sao,
2554,"[NAME] cho chấm ké cái ,cx chưa dk dc 🥲",
2556,[NAME] sao z fennnn,
2557,[NAME] đĩ mẹ ch học lại môn đó,
2558,[NAME] chúc fen may mắn,
2559,[NAME] ké miếng kk,
2561,[NAME] ủa nhận đc chưaaa,
2562,Minh Lân 4 năm trc c nhận hình c muốn xỉu ngang e oi :))),
2563,[NAME] chưa luôn má,
2564,[NAME] em tui ổn không ạ😂😂😂,
2565,Hong ấy dô nt i trùi :))),
2566,5 lốp đi r tính gì tính😔,
2567,Văn Dũng bạn đăng đúng hong kkkk,
2568,chắc ai á chứ mình k có ăn ảnh đâu,
2570,[NAME] nhận đc hình chưa 🤣,
2572,[NAME] ThảoKim LệNguyễn Huỳnh Yến Ngân chuẩn bị tinh thần trước đi để 2 năm sau đỡ bỡ ngỡ,
2573,[NAME] tới khúc tốt nghiệp rồi thì t kh còn ngán nữa 😌,
2574,Hên quá mình đã ra lâu rồi 😁😁,
2575,Quá ư là chê nha. Đồng cảm với bạn kaka,
2576,[NAME],
2577,Lưu Thị Minh Nguyệt  tràm kẽm thiệt chơd,
2578,[NAME] cua minh cung tam dc 🤣,
2580,[NAME] nghe quen quen 🤣🤣,
2581,[NAME] 😀 gáng đi chứ biết sao giờ,
2582,1 chịu gữ á quậy banh nóc đi êmmmm,
2583,mấy đứa truyền thông đợt mình đi hết òi fen oiii Ánh Ngọc,
2585,[NAME] ê nhớ hồi đợt mình đc chỉnh hình đẹp lắm mà,
2586,Ánh Ngọc thặc tòi tệ với mấy em hình chụp đen thui à m,
2587,[NAME] kiếp nạn thứ 82.,
2588,[NAME] anh gửi đúng ko,
2589,[NAME] thôi k dám sợ lắm kk,
2590,Nhà trường làm thế là tập cho chúng ta biết sau khi tốt nghiệp đi làm phải biết chấp nhận sự thật nha cuộc sống đôi lúc sẽ k cho chúng ta sự lựa chọn như ý mình.🙂,
2592,"Câu chuyện tốt nghiệp các khoá hàng năm 😂😂😂, từ khoá k13 tới nay, còn các khoá trc đó chưa biết 😂",
2593,[NAME] rồi hiểu luôn,
2594,[NAME] ủa r hình đâu ?? T có thấy tấm hình nào đâu,
2595,[NAME] chưa gửi luôn à,
2596,[NAME] ừa má k thấy dì luôn,
2597,Kim Phụng gì lâu dữ mà thấy phốt dị là c khỏi hy vọng dô cái hình nữa i,
2599,[NAME]  tính ra còn ổn 😂😂😂,
2601,"[NAME]. Má ơi, a chụp quá trời kiểu mà chọn cho a đúng cái tấm mặt buồn như đag đưa đám z, đã thế còn đen thui kkk",
2602,[NAME] chắc mấy ông trường mình mắt để ở đích ^^ đ phân biệt đc xấu đẹp như nào á a ^^ mẹ chán chẳng muốn nói💩💩,
2603,[NAME] biết thế ko méc e coi. [NAME] thấy thì sẽ ko tức kkkk,
2604,[NAME] a fai méc e để e chửi cho ngta thông não ra. Chứ để ngta ngu muội hết năm này đến năm khác sao mà được😌😏,
2605,[NAME] lúc đó em lấy đth em gắn filter vô cho nha đừng sợ :)),
2607,[NAME] Các em nó đóng tiền còn đc trường chụp hình chứ khoá 14 lúc dịch đóng tiền chụp hình mà phải đi tự ghép hình vs áo đồng phục đó:))))),
2608,[NAME] [NAME] nguyên buổi sáng mày mò ghép mặt 2 đứa :))))) thật vô nghĩa 🙂,
2609,[NAME] chụp xong k muốn nhìn,
2610,Khánh Lem xingtu còn ko vớt nổi 🌝,
2611,Quỳnh Hương uổng công makeup,
2612,[NAME] rút kinh nghiệm. mốt lên nhận bằng xong dọt. khỏi hình bọc j hết [NAME],
2613,"[NAME] dọt luôn chứ chụp hình thì xấu, làm lễ thì có 1 PH dô 🙂",
2614,"[NAME] Oanh ngta đc chụp hình mà còn chê, mấy ng ghép hình thì",
2615,[NAME] haha... Ghép hình hồi đó nhìn vui vãi chưởng kkk,
2616,Thân Bùi Ân ừ thì cũng zui,
2618,Thân Bùi Ân hình mình ghép hùi đấy tưởng mới sang thái chuyển giới luôn á tròi 🥹,
2619,[NAME] lên cả [NAME] j j đó mà kkk,
2620,Trang Hí ước đc ghép luôn á,
2621,"[NAME] chưa trả tiền ghép ảnh cho Hà nên Hà đừng nhắc
Mình buồn",
2622,[NAME] Oanh tính sao nhỉ,
2624,[NAME] đọc xong rùi đi ra 😌,
2625,[NAME] đang cảm thấy bất an:)),
2626,[NAME] k ấy tự chụp dc k😂,
2627,[NAME] chắc k r kkk,
2628,Đoan Trinh chắc gì đã tốt nghiệp mà cứ lo k à 🤣,
2629,[NAME] cái miệng z mà có bồ đó:)),
2631,[NAME] tăng sáng cho em [NAME] +100,
2633,Hậu Phạm em Bảo mất quyền công dân luông,
2634,Ai cần chụp alo mình nhé 😁,
2635,Hồng Ngọc tui chưa nhận đc hình luôn á bà,
2636,Kỳ [NAME],
2637,Trang Như Mình ứng tuyển vào chụp hình của trường nha,
2638,Kỳ Gia Lâm xin cho b e slot ạh,
2639,Kỳ Gia Lâm mình ứng tuyển làm trợ lý  cho bạn được khum,
2640,":))) vậy còn đỡ, chứ đợt covid ghép hình cười bôn lành....",
2641,[NAME] :))) em còn cho trường bộ quần áo bắt mua kìa a,
2642,[NAME] :)) quần áo mặc 1 lần 1 tr 2,
2643,Mạnh Tiến tính ra thừa tiền phết a,
2644,":)) thì làm tiền mà, cứ quy ra hoi, k đóng khỏi tốt nghiệp. [NAME] lên 1m5 mẹ r",
2645,[NAME] hên ra trường sớm ko thì cun cút a nhỉ :))),
2646,tới năm tui chắc tự lấy điện thoại chụp cho xong :[NAME],
2649,"Nguyễn [NAME]iệt Hoàng ủa, có gì hot :v :V",
2650,Đội quần lên nhận bằng thôi. [NAME] ai biết mình đâu :)),
2652,Ngọc Thương lên đi roii thấy,
2653,Thanh Maii đúng là 1tr5 bay theo gió :v,
2654,[NAME] chúc bà ngày mai ổn 😅,
2656,[NAME] Đâu có dám gan [NAME] còn bé lắm kka. Nay bắt tin tức nha thế kkaa,
2657,[NAME] vừa load lại face thấy liền kkk,
2658,[NAME] anh này thì biết gì mà nói,
2659,Na Lê hy vong mai sẽ đc tr độ 🥹,
2660,Minh Phụng  chúa cứuuu,
2661,Mấy t [NAME] nó tính hết r e à :)),
2662,[NAME] kh có câu tl đâu em =)) chấp nhận đi,
2663,Thật Thuỳ  ủa đume có chiếu không v để tao biết tao đi về,
2664,[NAME] chiếu thì khỏi làm lễ đi về đi =)),
2665,Thật Thuỳ  chiếu là tao xin phép 1 vé chạy trốn,
2666,[NAME] có chiếu mà hôm chiếu sẽ sửa lại đẹp nha. Ảnh đoa chỉ để xác nhận xem đúng người chưa thôi,
2667,[NAME] thôi khỏi với cái trình độ này 10 app nữa không cứu được đâu mà đẹp,
2668,[NAME] haha hết dám nhìn ai 🙂,
2669,ủa coi hình đc dùng trong lễ tn ở đâu dị,
2670,[NAME] trong mấy trang trường có link vô lựa,
2672,Có hình là may mắn lắm rồi đấy em ạ.,
2673,Ra trường r k dc đòi hỏi,
2674,"Quốc Đô  này buộc đòi hỏi , quay trend đu toktok nữa",
2675,Trà Nguyễn rồi e ra trường chưa,
2677,Trà Nguyễn cũng chuẩn bị tinh thần đi là vừa nè kkk,
2678,Nhân tiện cho mình hỏi nhận hình ở đâu v mọi người 🤯,
2679,[NAME] Việt Nhật có hình chưa,
2680,"[NAME] có mới lạ, nghe nói xấu lắm",
2682,[NAME] đã có đâu mà lấy,
2683,[NAME] anh viết đúng hông,
2684,[NAME] bn đăng ha,
2686,[NAME] t chưa lên trường nua,
2687,"Giờ t xuống lại nè, mệt ghê á. Không biết còn thêm ngày nào nữa không",
2688,Tân Ngọc Trương Ngọc Kiều My hình đẹp dữ :)),
2689,[NAME] nhìn hình k nói nên lời,
2690,[NAME] tạo kiểu dễ thươnh đi. Kiểu nghiêm túc nữa. Rồi mấy tấm đó đi về đâu 🥲,
2691,[NAME] nói chơi viết cfs thật à bạn =))),
2692,Hoà [NAME] nam chắc phải chụp background trắng,
2693,[NAME] mai tới Cường viết cfs :))),
2694,Hoà [NAME] tính viết hôm đầu tuần r á :)))),
2695,[NAME] mai về viết luôn :))),
2696,[NAME] này là phải thuê photoshop để nó thay da luôn á,
2697,Hoà Tạ gì đau :)) mình k ngại thì ng khác ngại mà :)),
2699,[NAME] t còn k có cơ hội để viết nè,
2700,[NAME] lên t cho mượn đồ chụp nha,
2701,[NAME] mượn hay cho thuê. Phải nói rõ để đem tiền,
2702,"[NAME] chúng ta là bạn mà, mang tiền nha",
2703,Trâm Nguyễn khóc huhu,
2704,Thanh Ngân mắt ko thấy tym ko đau,
2705,[NAME] mình chụp mình app filter dc hem,
2706,[NAME] mi người nhà à,
2707,Thanh Ngân lời khuyên là đừng đi dự lễ,
2708,Phòng truyền thông bàn giao lại hết cho trường lựa đó bạn. Chứ lúc mình chụp mấy e có tâm lắm nha sửa tóc rồi canh từng góc cho ok. Mà vẫn buồn vì chụp quá trời nhưng mình ko đc lựa mà trường lựa :))),
2709,Bảo Trân trường có Tâm mà,
2710,[NAME] có Tầm nữa cha,
2711,Bảo Trân trường có Tâm Như ó,
2712,[NAME] nên mới dữ lại đó,
2713,Bảo Trân cầu thả ra sớm,
2715,Chịu khó đi em.  K lẻ 4 năm ở dntu nhiêu đây em k chịu nổi à.,
2716,Thanh Thúy phát biểu cảm nghĩ đi e,
2717,Đợt năm nhất vô hc chụp quả ảnh k chê nhìn tưởng ai k phải mình luôn :)) phải nói xấu đau đớn,
2718,1 lít là được chọn hình đã photoshop đó,
2719,"đẹp ghê , sáng trưng , dòm hình tưởng hình 1900 hùi đóoo",
2720,[NAME] mang tiếng trường có studio luôn á chị,
2721,[NAME] đưa hình đây chỉ chỉnh cho tuốt lại vẻ đẹp trai :))) chứ dòm hình đúng học ngành ô tô luônnn :))),
2722,"Ngoài lề tí, đồng phục có size không v , 40kg về mở ra sz L mặc như cô dâu",
2723,"[NAME] có chị, mả nó đưa theo kiểu random, mang ra đổi thì nó nói là chỉ có một size thôi, em đc size M nè",
2724,"Thiên Mai buồn ghê luôn , chắc e lấy sáng t6 hoặc t6, hôm nay c mới lấy nên chắc hết",
2725,"Thiên Mai ủa c cũng lấy sáng, lạ nhỉ",
2726,[NAME] tag oanh dùm,
2727,[NAME] hình t đẹp là đc rồi :)))),
2728,Nguyệt Quế ác độc m lén chọn option 2 đúng hog,
2729,[NAME] cho tấm ảnh ghép đi kkk,
2731,Ngày trọng đại nhất của người ta tốt nghiệp mà chụp xấu vậy đến lúc người khác chụp lại y vậy chịu được không ??,
2732,[NAME] khỏi TN luôn đi thắm :))). Nhìn ảnh ....,
2733,[NAME] đeo giày bít đen nha. Má ơi cạn lời:))),
2734,[NAME] . Trc khi cod thông báo. Tôi định mặc váy rồi ... và đọc xong thông báo .... tôi hoang mang quá. K có j để mặc 😂😂,
2735,5 năm trước tao nhìn ảnh tốt nghiệp xong t xỉu rồi giấu từ đó tới giờ 🥹,
2736,Cho chú slot chụp cho cháu nè :))) Tiến Lê Minh,
2737,"Ngọc Trang khi nào cần alo tao kiếm máy chụp cho, chỉ cần mẹc bún đậu mắm tôm là đc :))))",
2738,Nếu ai còn cay cú vụ hình xấu thì ib mình chụp bộ hình xịn xịn cho buổi lễ tốt nghiệp😂,
2739,[NAME] ủa lẹ lắm. 🤣,
2740,Mang tiếng là thợ chụp ảnh dntu mà còn thua chụp ở ngoài tiệm :)))),
2741,[NAME] đưa tui chụp cho bao nét,
2742,[NAME] tức cái lồng ngực fen ơi :))) cả 4 năm mà chụp cho cái hình kiểu đấy tới lúc đó chắc đội cái quần,
2743,"Chắc chụp cho có, chứ không có tâm rồi",
2744,[NAME] hay dị bạn.,
2745,[NAME] nghe bảo thợ tay nghề cao mà chụp đen thui thấy không được ròi kkk,
2746,[NAME] thợ này hàng tuyển khum đó bợn ơiii người bình thường mướn k đc đâu 😂😂,
2748,[NAME] biet cc gi hi,
2750,"Thu Thương chết thật, tụi mk ngược lại với nhỏ bên trên á, bạch tạng luôn 😵",
2751,[NAME] san sẻ tí có phải đỡ k,
2752,Thu Thương thằng chụp kiểu: kui khum thích đó mấy người làm j được kui liuliu,
2753,Minh Thu Nguyen chị ơi tạo kiểu dth lên nha 🤣,
2754,"Thu Thương nàooo, kh chọc bạn 🤣🤣🤣",
2755,Thu Thương ê bà lấy hình ở đâu z,
2756,[NAME] có link á bà,
2757,"Không mấy nhà trường đầu tư cho các bạn truyền thông con iphone 7 plus chụp cho đẹp, chứ máy ảnh chi cho rườm rà zạ, chụp rồi có coi lại hông z",
2758,"Còn nữa, ai cũng có ba, có mẹ sao chỉ đc phép 1 phụ huynh vào với con trong ngày nhận bằng vậy? Biết là nhà trường có live nhưng mà khoản khắc con cái hoàn thành chặn đường học vấn ít nhất cũng phải cho cả ba lẫn mẹ chứng kiến giây phút ấy chứ??",
2759,"Bởi vì phòng Truyền thông đa số chắc các bạn chỉnh ảnh ở lv basic
mà chỉnh cũng nhanh, tool đầy, đứa nào kêu lâu bố kí đầu :)))",
2760,2 bạn sao hay dị quá à 😂 Việt Rio Mạnh Tiến,
2761,Việt Rio :))) nào k trêu mấy bạn,
2762,Mình cũng có ảnh tốt nghiệp,
2763,ủa cho mình hỏi lấy hình ở đâu z ạ ?,
2764,[NAME] https://by.tn/totnghiepdntu đây bạn,
2765,Anh [NAME] mình cảm ơn nha ❤️,
2766,[NAME] chụp xấu từ lúc nhập học đến lúc hết học luôn á má =)) dime sang chấn,
2768,Chụp quá trời kiểu thì lấy file gốc ở đâu vậy mn. Thấy có cái hình à,
2769,[NAME] tham lam 🤣 có 1 hình là may lắm r bha,
2770,[NAME] xinh quá xin thêm -))),
2772,[NAME] của d ổn mà 🙄,
2773,Ly Ly ko có đâu. D chỉnh r á,
2778,Thật Thuỳ tôi tin nhà trường nhưng nhà trường để tôi khóc giữa sân trường vì câu nói chịu đi chứ sao giờ 🙂,
2779,Trâm Trần muốn chết chân trong đó còn ch được nè 🥹,
2780,Thật Thuỳ ai rồi cũng phải khóc mới ra trường được 😌,
2783,[NAME] hítt hà again,
2784,Minh Thiện hitssssssssssssss,
2785,"Ủa giờ đi học tin còn có vụ rớt à. Thôi thì khỏi học đi em, nếu mà e có trình thì e thi đậu là đc k cần học. Trước a chả thèm học thi đủ điểm thôi, nó chả ghi là xếp loại giỏi khá hay ghi điểm trên đó thì quan trọng gì",
2786,"[NAME] cũng k có đăng ký học, chỉ đăng ký thi",
2787,Tuyết Sương đúng r thi đậu là đc cần gì phải học 😂,
2788,[NAME] rồi thì qua kiểu gì m. Mà t còn k cần thi nhé :)),
2789,[NAME]  t có cần thì t.anh quái đâu 😂,
2791,Thương Thu chủ đề này đang rất hot nha bà hhhh,
2792,Có lên bộ phận một cửa thì cũng đc giải đáp nhưng k dc như ý muốn có các b đâu,
2793,Nhung Nguyễn núi cao sẽ có núi cao hơn. Chỉ tội cho những sv không có tiếng nói ha chị,
2794,[NAME] chịu thôi em ơi:)),
2795,[NAME] coi nè m,
2796,Thiên Mai sinh diên cho hỏi bao nhiêu 1 chỉ rồi,
2799,Chúng tôi đã lắng nghe~,
2800,[NAME] ok =)),
2801,Cho mình hỏi giờ 1 chỉ bao nhiêu đc hong mấy bạn ?,
2802,[NAME] tin b 950 ạ,
2803,"[NAME]. thi 400k nữa ạ, tổng 1tr350",
2804,[NAME] bằng 1/3 tháng lương tốt nghiệp ra trường 4 năm rồi 😂😂😂,
2805,[NAME] ùm tại trc học 380 mà giờ cao quá,
2806,"Khóc tiếp đi mai fen , roi fen sẽ nhận ra là kết quả nó vẫn v thoi",
2807,Ngọc My thấy quen k🤣🤣,
2809,[NAME] Đức chịu kh chịu thì khỏi ra trường hả 🤣,
2811,Cố lên em. a sẽ hóng vụ này và ủng hộ em. Cuộc đời sinh viên của anh cũng chịu nhiều áp bức. nhưng hồi đó a viêm họng nên ko dám hó hé.,
2812,Kiều My kìa môn bạn học nè =)),
2813,Hữu Điền thôi chịu bạn ạ mình mệt mệt môn đó lắm,
2814,Kiều My bữa thấy làm ghê lắm mà =))),
2815,"Thay vì biết cfs thì lên thằng vp khoa hoặc 1 cửa hoặc cố vấn hoặc trưởng khoa để thầy cô trợ giúp . Chứ trang cfs k thuộc quản lý của trường.
Cfs này là do SV trường lập lên để các bạn cho chỗ zui chơi. Còn mấy vđ nghiêm túc này thì nên liên hệ trực tiếp thầy cô",
2816,"Thay vì bạn đó lên đây viết, thì sao bạn đó không dành thời gian xuống văn phòng 1 cửa gặp trực tiếp thầy cô để hỏi xem như thế nào. Chứ trong này đâu phải thầy cô nào cũng ở trong group này đâu mà thầy cô giải đáp.",
2817,Ủa kính gửi thì đơn lên nhà trường mới có người giải quyết chứ ba. Viết lên cfs thì éo ai giải quyết cho. [NAME] cũng có phải do trường lập ra éo đâu,
2818,[NAME] do ông a của a lập đó 😆😆😆,
2819,[NAME] tại vì không được giải quyết nên bạn mới bức xúc đó 🤣 khó tính quá à 😑,
2820,KiỀuu [NAME] vẽ đường cho đi đó chứ tui hiền thấy mồ,
2821,[NAME] hong thấy hiền tí nào. [NAME] dữ,
2822,"Nào chúng ta cùng viết tâm thư lên liên hợp quốc, viết ở đây không thầy cô nào lắng nghe đâu bạn",
2823,Bảo xuống văn phòng 1 cửa nhưng mà xuống đó không giải quyết được gì đâu mấy bạn ơi :))).,
2824,"đưa cao lên làm rõ đi bạn ơi, tiền là porlyme chứ hong phải là giấy đâu",
2826,[NAME] coi trăm mấy em tân sv tốt tốt síu nha,
2827,Có bằng giời cũng phải thi nhó 😆,
2828,có cũng như khom thoi em à 😌😌,
2831,Không chấp nhận em nha :))),
2832,[NAME] cho em nó lời khuyên xem có phải học ko kk,
2833,Đi học mà tất nhiên phải học gùi :))),
2834,Anh cũng như em vậy đó mà cũng phải học lại nè,
2835,Nếu em đã có bằng MOS quốc tế thì để anh [NAME] trả lời cho em là đc không 😂😂😂,
2836,[NAME] Em dăm ba cái mos đóng mấy tr hc chứng chỉ ab đi,
2837,Em có bằng nhưng trường kh có nhận :)),
2838,[NAME] tl em nó đi,
2839,Hoài An học đi vui lắm :)),
2840,[NAME]  flex cực mạnh,
2841,[NAME] Trung :)))),
2842,"Không nha em, tại trường này nó thế =))).",
2843,[NAME] dạo này lên trình v :))),
2844,[NAME] e có bằng quốc tế thì ra quốc tế mà học đã vào trường này phải học lại cả e biết bao nhiêu 1 chỉ ko mà bỏ kkk,
2845,[NAME] vào phòng đào tạo uống trà :))),
2846,Ừ. Bỏ qua cho [NAME] lần này á nha,
2847,"Luật vua thua lệ rừng thôi em , không chấp nhận nha em ơi:))",
2849,Rồi cũng thi tin thôi 😂,
2850,Thầy [NAME] chỉ chỗ cho em nó hỏi cái thầy 😑,
2851,Tuan [NAME] k phải chuyên môn nha Khầy,
2852,Nguyen Cuong vậy mai sao thầy :v :v,
2855,[NAME] nếu chấp nhận là giờ tòa F lắp máy lạnh 0 đc ròi 🙂,
2856,"Lên thẳng phòng 1 cửa hỏi có khi lẹ hơn đó, chứ cái trường hợp này ít ai đc trải nghiệm lắm nên k trả lời đc đâu",
2857,Tất cả các bằng ở ngoài dù co xịn hơn ở trường nhưng vẫn phải thi ở trường nha e. À quên mất có thể e có MOS nhưng e lăng quăng có khi còn thiếu chứng chỉ tin khỏi ra trường 🥹🥹🥹,
2858,Nếu chấp nhận thì khu f ko có máy lạnh như bây giờ đâu😎,
2859,[NAME] của bạn hết 1 củ,
2860,[NAME] của em 500,
2862,[NAME] có bằng kệ em =))),
2864,Có thiệt z koĐỗ Đức Hòa😃,
2865,[NAME] chưa thấy báo cáo 😂,
2866,[NAME] mát mà hén :)),
2867,[NAME] Là có dữ chưaaa,
2868,[NAME] và chúng ta được xếp phòng không có máy lạnh để học trong 5 tiết,
2869,Ngọc Nga học lúc 1h để tận hưởng cái gió của máy nóng :)),
2870,[NAME] năn nỉ trường lắp máy lạnh thêm ở G205 nữa iii,
2871,[NAME] ủa tưởng đó phòng kho nên bị tháo thấy toàn ghế mà 🥲,
2872,"Bích Tuyền Sao lại nói dịii
Trường để nhờ bàn ghế trong kho để mình học có thiếu ghế thì ngồi á",
2873,[NAME] Thư Ngọc Tiên ủa có hả bay,
2874,[NAME] g mới bt à,
2875,[NAME] nay mới đi hc thấy j đau. Chắc hc về rùi mới lap 🥲,
2877,[NAME] có cái lò😌,
2878,[NAME] Thảo Phạm Minh Hiếu Thành Tài Lê Công Bình Triệu Điền nếu cảm nhận ngày hum nay nào,
2879,Để mai toai đi học toai rì viu cho,
2880,[NAME] máy lạnh thien nhiên ó,
2881,[NAME] tin này ch chuẩn r,
2882,[NAME] như cái lò,
2884,[NAME] có ko chế,
2885,"Có dữ chưaa, hòi chìu học bết bát vảii🥲",
2886,[NAME] còn phải đăng kí thim 3g🥲,
2889,Linhh [NAME] bn cảm thấy thế nào,
2890,Quốc Phú sướng sướng ☺️,
2891,[NAME] thầy kiến nghị lắp thêm ổ điện đi thầy,
2892,[NAME] được thì thêm cái nhà tắm dạ mấy cái giường ngủ nữa thì ok phải ko :))),
2893,[NAME] thầy phán thì chỉ có [NAME] :v,
2894,[NAME] là có chưa kkk,
2895,Quốc Phú hiện tại sáng nay đi học vẫn chưa có nha 🙂,
2896,[NAME] suỵt. Bé thoii,
2897,[NAME] cứ thế là chích thoii :))),
2898,Nghia [NAME] có muốn học máy lạnh ko,
2899,[NAME] coi  buồn hông🤣🤣,
2900,Thiên Kim nhanh trí học lại lần nữa 🥱,
2901,[NAME] [NAME] khu mới à :))),
2902,"[NAME] ? khu nào v, chiều nay t mới ướt áo",
2903,[NAME] where where????,
2906,Làm máy lạnh thì mỗi chỉ tăng tầm 100k nhé mấy em chứ đâu có dễ mà ăn của dntu thế :)))))))),
2908,Tri Tien Nguyen Đuc đủ thật ko =))),
2909,[NAME] bạn yêu vừa tốt nghiệp thì trường lắp máy lạnh,
2910,[NAME] coi có buồn hemmmm,
2911,[NAME] có muốn hoãn tốt nghiệp để ngồi máy lạnh hem ban,
2912,"Đa Thị Ái Mỹ hong má, hong nha",
2913,[NAME] Kim Hạnh  h đi học lại đi để đc sài máy lạnh kìaa kk,
2914,[NAME] t lên đòi 500k chứ ai gảnh,
2915,"[NAME] mẹ, toàn cứ ra truờng ròi là truờng up lênn",
2916,[NAME] má khoá 14 mà 41 kiếp nạn,
2917,"[NAME] ôi thật vô nghĩa làm sao, đời bất công",
2918,"[NAME] quá dô nghĩaa, học xong thì trường lắp máy lạnhh",
2919,[NAME] lúc học nóng lòi cứt,
2921,[NAME] ra trường tới nơi òi :v,
2922,Bảo Thương dữ vậy đó🙊,
2924,[NAME] nhưng mà có cho mở kh ạ,
2925,[NAME] mở 4 cái quạt với full cửa sổ nha,
2926,[NAME] khùng quá nó lấy máy lạnh bên khu G qua á,
2927,[NAME] vậy thì tội khu G quá,
2928,Khang Hoàng chứ khu G nay cũng có mở máy lạnh đâu,
2929,[NAME] chắc vậy mới đem qua khu F làm cảnh đó,
2930,"[NAME] yeahhh đỡ nóng rồi, thật là háo hứng để đi học",
2931,[NAME] kiếm ai học ké chớ mất quyền đăng ký tín chỉ ròi,
2932,Bảo Châu [NAME] hết nóng nhé các cậu,
2933,[NAME] có đề tài chưa cậu,
2935,[NAME] mốt mà bạn:)),
2936,[NAME] lộn tại mắc học quá r :))),
2937,[NAME] Phạm Minh Anh lẹ,
2939,[NAME] là đầy đủ giữa chưa,
2940,"[NAME] là dữ ròi đóa , tận hưởng đi :]]",
2941,[NAME] tôi cb ra trường thì trường update 🥲🥲🥲,
2942,[NAME] thế hệ mới mà :v,
2943,Lúc nóng em vẫn học đầy đủ mà có nghỉ đâu😗,
2945,Tran [NAME]  vừa tốt nghiệp luôn đó bà,
2946,"[NAME] hồi đó học, quạt mỏi tay có ai thấy :)))",
2947,[NAME] [NAME] khu F nào vậy tụi bay?,
2948,[NAME] đừng hỏi t :)),
2949,[NAME] có cái nịt,
2951,Thi Thanh Trinh . Quá khứ...,
2952,"Hiển [NAME] ''phòng hoá chất làm sao lắp máy lạnh được...""",
2953,"[NAME] khoa Công nghệ, mình khoa khoa học mà😗😗",
2954,[NAME] một là mở máy lạnh 2 là mở quạt . Được chọn 1 trong 2 thôi nhé,
2955,Trinh Thi [NAME] truờng hợp ba: mở cửa sổ ra đi các em...,
2956,[NAME] k trọn vẹn😂😂😂,
2957,Hiệp Đây m có thấy ko 😂,
2958,Tuyền Nguyễn Thanh Thanh Thúy Thư Nguyễn  dẹc sơ,
2959,[NAME] đã trải nghiệm 🙂 và lạnh giá thật nha,
2961,Khánh [NAME] sướng nhất em Toàn,
2962,[NAME] :))) máy lạnh há,
2963,[NAME] để test nha,
2964,[NAME] phải khom zay,
2965,Tường [NAME] có nói thiệc hog,
2966,[NAME] xạo hả bữa h nóng chết,
2968,Anh [NAME] kiểm chứng đi em :)),
2969,[NAME] đã kiểm rất lóng :)),
2970,"[NAME]  may nhá vừa vô là toà F đc lắp r🤣 khỏi sợ nóng, mà mỗi tội ko có bắt đc wifi😪",
2971,Thảo Ngân thôi cũng có máy lạnh được rồi chị :)),
2972,[NAME]  đỡ qua t học ké😌,
2974,[NAME] Anh Thy Nguyễn Vũ Tường Vi có dữ à 🫠,
2975,Pham Nguyen Tuong [NAME] nóng vai l,
2976,Pham [NAME] trường nào chứ trường này mơ mà có kkk,
2977,[NAME] qua đi học làm gì coá,
2979,Thảo Ngân Nguyễn Thị Thu Hà thứ ctoi cần là wifi 🥲,
2980,[NAME] chịu nóng 2 tuần sắp quen đến nơi rồi ☺️,
2981,[NAME] trg bịp à học f304 có thấy đâu :)),
2982,[NAME] để t6 xem lại,
2983,[NAME] chiều đi học tưởng phòng xông hơi 🤓,
2984,[NAME] cái lò lun á chứ,
2985,[NAME] hết lo 🤗,
2987,Quá đã lần này ngủ mát ròi :))),
2988,Sau bao nhiêu ngày chửi khu F như con thì cuối cùng cũng được nói những lời thương yêu :))),
2989,Hoài Trinh Nguyễn Thị Thanh Hoa quào,
2990,[NAME] còn nóng kg,
2991,[NAME] nóng hổi lun🤣,
2992,MT Thông máy lạnh ở đâu ra vậy trời,
2993,"Thùy Vân bình tĩnh nè, r sẽ có thoai, vừa mát vừa dễ học vừa ngắm trai =))",
2994,MT Thông đúng ùi . Tui đang mong có để được vậy á,
2995,Tuyếtanh Lưu  nhà [NAME] giống có lắm r nè bà,
2996,[NAME] má ngon luôn,
2997,[NAME] thời ra trg mới có á .,
2998,[NAME]. Vừa hay mình cũng học xong 😗,
2999,Duy HíThụy TrầnTrần Công DanhNguyễn Hữu Hiệpđi học ngon lành rùii,
3000,MaiMinh Hiếu nào thử mới biet:))),
3002,MaiMinh [NAME] tuỵt dạy ní,
3003,[NAME] 2 phòng đầu có th nha em,
3004,MaiMinh [NAME] sáng ik học vẫn chưa có nha,
3005,[NAME]  nói thiệt hok,
3006,[NAME] phòng coá phòng khum,
3007,[NAME] zmaf kiu full đokk🥲,
3009,Máy lạnh là máy gì nhỉ,
3010,Những giấc ngủ ngon bắt đầu :))))),
3011,Truong Nghia em hứa khong cúp nữa,
3012,[NAME] tin chuẩn chưa ạ =)),
3013,Quảng Bình mai đi mới biết dc,
3014,Nay vừa hc đã có đâu :))) bịp àaa:),
3015,Ngọcc Ánhh Bùi Ngọc Ánh Kim Ngân học 3 năm bên khu F giờ hết học thì có mấy lạnh đúng là …,
3016,[NAME] h kiu sửa cục wifi mình ra trường mấy đứa nhỏ xài là vừa rùi 🥰,
3017,Kim Ngân em chua được sài mín nào,
3019,Trung Thành [NAME] gắn máy lạnh nhưng học dưới xưởng,
3020,[NAME] gắn cho lắm vô r tăng học phí =)),
3021,"[NAME] mà cái này lâu rồi , có tầng 5",
3022,[NAME] tăng hẳn lên lầu 5 chọn,
3023,Ánh GiangHương Giang khoa tài chính con ghẻ của dntu,
3024,[NAME] nhà A thì hong thấy nhắc tới 🥹,
3025,gắn mỗi tầng 5 mấy tầng kia như cái lò =)),
3027,[NAME] lâu r chưa lên nên k bt =))) anh đức rv xem,
3028,Hữu Điền học dưới xưởng :)),
3029,[NAME] quạt công nghiệp thổi vù vù =))),
3031,[NAME] ủa bữa học thấy gắn mỗi cái thùng phải k ta ??,
3032,[NAME] như khầy Thinh Cao bảo đó là cái thùng xốp,
3033,xưa nhớ đóng cũng đủ mà k có máy lạnh ta 😆🤣,
3034,[NAME] chuyến này tới công chiện :)),
3035,[NAME] có mình lầu 2 đc lắp thôi chứ mình học lầu 3 đâu ra máy lạnh trường bịp,
3036,[NAME] là lắp full dữ ch :)),
3037,Như Trang lạnh tới nổi ngồi chảy cả mồ hôi,
3038,"[NAME] k nghe hả, mỡ phải để tủ lạnh ăn mới ngon :))",
3040,[NAME] có máy lạnh k thì k bt nhưng vẫn k có wifi nha,
3041,[NAME] là khu thực hành phải hem?,
3042,[NAME] đúng đúng lò lửa huyền thoại đấy,
3044,[NAME] s sáng đi học ko thấy vậy ta,
3045,[NAME] ai mờ có biết kkk,
3046,[NAME] vậy sao chiều cũng học khu F mà nóng dữ,
3047,[NAME] chắc mỗi phòng mình ch cập nhật 😪,
3048,[NAME] k tới lượt mình đâu😂,
3049,Ngọc Thư Chinh Chinh Tiểu Băng mát rùi đi học lại k các bạn ưiiiii,
3050,[NAME] trước mình học có mỗi khu G thui ha :))),
3051,Thu Hiền bạn nhớ bế con theo để giới thiệu trường đại học của Mẹ nha 🤣🤣,
3052,[NAME] Thu Nguyễn Thắm Đoàn Ngọc Bích Nguyễn Chí Hiếu Có máy lạnh rồi nha mấy chị kkkk,
3053,Uyên Tú  sang năm đi học lại nha :))),
3054,[NAME] f là khu nào còn ko nhớ,
3055,[NAME] mai đi học nha mấy chị,
3056,Huyền Nhi Châu Vân Khánh Anh Quân  phải k z bay😂,
3057,[NAME] chỉ là vẻ bề ngoài,
3058,[NAME] sai hoàn toàn nha chìu em mới học nóng mà mỡ ra như heo quay luôn😂,
3060,Vinh Quang quá bịp không thể chấp nhận😂,
3061,Mấy thế hệ ra trường r ms nắp đc điều hòa à Ad 😀,
3062,[NAME] Kiều Yến Nhi [NAME] những ngày nóng chảy mỡ chúng ta đã từng trải nghiệm 🤡,
3063,[NAME] :)))) tiếng việt thực hành,
3064,[NAME] thi translation :)))),
3066,Bịp thật chứ sáng mới học không hề thấy nha,
3067,203 máy lạnh khí trời,
3068,Nguyên Lê ấm lòng sinh viên rồi đừng cúp nữa,
3069,[NAME] [NAME] bậy bạ đi học hơi chăm á nói vậy ngta quánh giá,
3070,Nguyên Lê thấy toàn chăm em nào ngoài one ko,
3071,[NAME] [NAME] lại bậy nữa rồi đó,
3072,Thương Phương hong lo mặc áo dài học khi F nữaaaa,
3073,nghe gắn máy lạnh từ năm 2 mà 3 năm sau ms gắn 😞,
3074,[NAME] có thiệt kh,
3076,[NAME] chắc mới lắp tối nay🥹,
3077,[NAME] ￼mai lên ktra,
3078,Tâm TrầnKhánh Hoàng 2 bà đi rui mới có máy lạnh 🥲,
3079,[NAME] nhớ đợt ngồi học 3 tiết giữa trưa :)),
3080,Khánh Hoàng nóng chảy mỡ 🥲,
3082,"[NAME] ơi học khu F dui dữ
Nóng chảy kem, quần dính vôi rùi cửa kéttttttttttttttt đã dễ sợ",
3083,[NAME] nào chứ hổng phải F trường mình đâu,
3084,[NAME] thẳng thắn +10 điểm thanh lịch,
3085,"Nhất chị mình rồi Đỗ Thị Như Quỳnh, and bạn mình nữa [NAME] Vy",
3086,Ngọc Thảo phòng tui máy quạt =)))),
3087,[NAME] học bên G nha kkk,
3088,[NAME] phải học khu F để trải nghiệm máy lạnh mới chứ sắp bị đuổi tới nơi rồi,
3089,"[NAME] nào, Thảo nên ở lại thêm vài năm",
3090,[NAME] mình là đôi bạn cùng tiến mà chị nói gì kì dị,
3091,[NAME] thật ra thứ chúng tôi cần là wifi:(),
3092,"[NAME] máy lạnh thì ko có cũng ko sao, nhưng quý phi mà ko có là mặt đực ca cả ngày",
3093,[NAME] đâu ch thấy mai học 3môn khu F 🙂,
3095,Phòng có phòng ko mà=))),
3096,[NAME] roài học phí ga sao roài :))),
3097,"[NAME] :))) k19 950k/ chỉ c ạ vs hnhu vẫn áp dụng tăng 10% mỗi năm, khoá em vẫn tăng đều 10% moiix năm",
3098,"Phương Châu bên khu f ngành c có p thực hành gòi đó, nguyên cái giường vs mấy cái bàn tiệc lun",
3099,[NAME] hồi lúc chị sắp ra là có thấy rùi á,
3100,"[NAME] thoai c, nhin thèm z chứ hp ói ẻ lun đó=))) hc xong đủ tiền làm đám cưới lun",
3101,[NAME] tự lừa mình lừa người,
3102,[NAME] =)))dạo này triết lí dữ z,
3103,tin này chuẩn không ạ :))),
3104,[NAME] chuẩn vào năm e ra trg nhé 🙂🙂🙂,
3105,[NAME] mắ dỗi ghê á 😞,
3106,[NAME]  hãy dỗi trg đừng dỗi￼ teo đề nghị ad nên tìm hỉu kĩ trc khi đăng bài :))) để con dân k thất vọng càng thất vọng hơn 🙂🙂🙂,
3107,[NAME] dỗi trường màaa 😞,
3108,Bảo Trâm nào có máy lạnh lạnh như mùa đông vancouver và có wifi mạnh như bò húc lúc đó e sẽ iu trg 🫠🫠🫠,
3109,Huy Ngo [NAME] đã :))),
3110,[NAME] có ổ điện chưa?,
3111,nay học 2 phong deu kh có 🙂 truong bip,
3112,Nguyen Thuong dme bị hư đúng phòng ms coay còn khu F nửa năm nữa ms lắp 🙂,
3113,Lời nguyền trường luôn đổi mới khi ta đi Nguyễn Văn San,
3114,[NAME] ae mình góp một phần công nhỏ nhỏ cho khoa công nghệ kkk,
3115,[NAME] xạo dữ r đó,
3116,Tường [NAME] nói thiệt mà 🥲🥲 chỉ là lắp tầng 2 khum lắm tầng 3 hoi 🥲,
3117,[NAME] t thấy đầy đủ dữ gòi đó,
3118,[NAME] tin chuẩn không anh,
3119,Sắp ra trường rồi mà vậy thì nên buồn hay vui ạ,
3120,[NAME] ráng rớt môn để ở lại hít máy lạnh bạn ơi kkk,
3121,[NAME] như vậy thì khó quá :)),
3122,Nguyen [NAME] Tú bịp z,
3124,[NAME] đâu đầy đủ đâuu,
3125,[NAME] nhìn ghéc ghê,
3127,[NAME] [NAME] chúng ta đã không đợi đc ngày này,
3128,[NAME] nào của đó á bác,
3129,[NAME] thôii. Đổi lại là 8xx 1 chỉ đó bàa,
3130,[NAME]  bye học pha chế mà nóng chảy mỡ,
3131,[NAME] 🤧đi học mà nóng cọc vs nhau luôn:)) ra dc trường là vui rùi bà,
3132,Lúc học nóng như cái lò . Sắp ra trường thì trường update là shao 🥲,
3134,[NAME] [NAME] có máy lạnh ròi kìa,
3136,[NAME] bữa đi đăng kí nhập học mà ngủ quên mất tiu,
3137,[NAME]  kkkk đi đki mà hết hạn mất tiu,
3138,Tiền học sẽ tăng thêm 100k mỗi chỉ nhé mấy e😂,
3139,Hưng Đăng 1 chỉ 1 củ 🥲,
3141,[NAME]  làm gì có sáng nay mới học,
3142,[NAME] có tầng 2 à tầng ba chưa :)),
3143,Rồi phòng G205 vẫn chưa có😭,
3144,Chờ tao ra trường rồi lắp. [NAME],
3145,[NAME] ủa chứ bth có đi học đâu trời 🤦‍♂️😊,
3146,Thành Nghĩa xạo l nữa,
3150,[NAME] tầng bao nhiêu thì ko nói,
3151,[NAME] suỵt :)))),
3152,Nhưng wifi thì sao ạ Thu Nguyễn Tran Huong [NAME],
3153,[NAME] chúng toiiii cần wifi thôiii,
3154,[NAME] quaiphai muôn năm,
3155,[NAME] chưa bao h thấy điện thoại vô nghĩa như vại,
3156,May quá đó giờ chả được học khu F mấy hôm :))),
3157,"Học 3 năm trời r mới lắp, h lắp xong lịch học lại chui dô p k có máy lạnh",
3158,[NAME] còn lên trường nữa thì lắp,
3159,Hung Xuan  Tantai Nguyen  ra trường r giờ nó trag bị máy lạnh. Đúg kiểu công nghiệp dntu🤣,
3160,[NAME] về đây học nè đại ka.,
3161,[NAME] lúc học năm 3 là nghe cbi lắp :v mà tới giờ mới lắp xong là chết r :v,
3162,[NAME] lầu 2 3 ko có máy lạnh ah. Có mẫu 4 5 của bọn e hoi.,
3164,Ngọc Ninh [NAME] thấy moẹ,
3165,[NAME] nóng phát cọc luôn,
3166,[NAME] Vũ do mình kh đụ may mắn,
3167,Nguyen Thuong má đ biết đầy đủ chỗ nào luôn á 😀,
3168,Thế đã có tivi chưa hay vẫn máy chiếu 🤧,
3169,Hẳn là máy lạnh Nguyễn Vũ Tường Vi [NAME],
3170,Anh [NAME] chịu lun òi 🥲,
3171,"Đừng gào nữa tự thích nghi đi , riết thành thói quen thôi😅",
3172,riết thấy toàn sinh viên complain không 😂,
3173,Tam Tran gào khi còn có thể,
3174,Bán ip mua androi xài bạn,
3175,[NAME] còn đi học share kinh nghiệm kìa kkk,
3176,Duy Long buồn quá k mún ra trường lun 🙂,
3178,[NAME] thì nghỉ học đi làm đi em 😇,
3179,[NAME] sao chị nói zay,
3180,Diễm Phương giải pháp tốt nhất r đó 😊 chứ ý kiến chi cho mệt,
3181,[NAME] ngta tấm chiếu mới mà,
3184,Cố gắng thích nghi em ơi 😀,
3185,[NAME] cũng muốn được thích nghi lại =)),
3187,"Thư Minh Hồ Mai Phương
Mấy chị góp ý đi mấy chị",
3188,[NAME] rồi dần dần cũng quen với cụôc sống đó thôi :))),
3191,Từ từ r cũng quen cả thôi😂,
3192,[NAME] còn nhiều cái thú dị lắm 🤣🤣🤣,
3193,[NAME] cựu sv trường chia sẽ😂,
3194,[NAME] sắp thôi chứ chưa phải cựu nha🤣,
3195,[NAME] anh đúng k??,
3196,"Hà Huy Phúc dkhp mà mệt luôn, ko canh cái là hết lớp😑",
3197,"Rồi sẽ quen thôi, không sao đau🙂",
3198,[NAME]  có r hả,
3200,[NAME] :))) quen rồi đúng ko bà,
3201,[NAME],
3202,[NAME] do xui thôi chứ ai nào muốn bạn toi còn kh đki đc môn nào phải nhờ bb gánh đây kkk,
3203,[NAME] k có 2 bạn toi năm nay thất học 🥲,
3204,Ngọc Diễm [NAME] nỗi lòng của bao sv,
3205,[NAME] vấn đề sập web trường nào chả bị trời 😀,
3206,[NAME] k píc bị s trong khi trg là CN mà mỗi lần dki học phần mạng lag như quỹ 🥲,
3207,[NAME] không phải mạng đâu 😞 là do nhiều ng vào web í 🫠,
3208,[NAME] đi trễ thì chúng ta sẽ làm gì😅 chỉ em nó đi chứ đứng ngoài đợi làm gì cho khổ zạy trờiiiii,
3209,[NAME] th hư lắm kkkk,
3210,"[NAME] là do quá nhiều SV vô cùng lúc nên lag đó em (trường nào cũng bị thôi), còn chuyện đi trễ bị ở ngoài thì em nên tập cái thói đi học đúng giờ đi nhé😘",
3211,Duy David 💀 ng từng trải,
3212,Giám Đốc [NAME] Ai =)))),
3213,Thiệt ga là cái đoạn đk hp hầu như trường nào cũng lag hết ó,
3214,[NAME] [NAME] giải thích cho em nó đi,
3215,Vinh Ngo ........ [NAME] biết gì luôn,
3216,[NAME] chịu với e nó lun á,
3217,"Thấy mấy bé mới vô trường năm nay cười tươi lắm ý ,mong nụ cười của mấy em sẽ luôn như vậy đến năm 4 hen 😙",
3218,[NAME] học 1 năm trải nghiệm thôi. Chuyển trường được rồi nhợ :))),
3219,[NAME] trải nghiệm dị đủ rồi!!!🌝,
3220,Vậy là “ cục kỳ” hay “cực kỳ” mới đúng,
3221,Lương Trần  tuổi trẻ :v,
3222,"Công Tuyến em nó đúng mới lên, vài năm quen thôi đó mà",
3223,Lương Trần năm 2 r mà vẫn chưa thích nghi vs vỉệc đăng ký HP 🤣🤣,
3224,https://laodong.vn/video-xa-hoi/1001-noi-lo-cua-tan-sinh-vien-truoc-ngay-len-dai-hoc-1235148.ldo,
3225,[NAME] dkhp trong hòi hộp :))),
3226,Tường [NAME] còn nhìu điều thú dị đang chờ đón🤡,
3227,[NAME] trả lời cho em nó kìa,
3228,Vo Anh Tuan em chịu :)),
3230,[NAME] em cũng thắc mắc mấy năm rồi mà chưa có câu trả lời 😞,
3231,[NAME] đổi qua androi dùng,
3232,Ngọcc Ánhh em dùng androi mà chị 😞,
3233,[NAME] nhỏ này đi học trễ vô lớp trễ quá sợ quê đòi đi về 🥲,
3234,[NAME] nói thế chết tuiii :)),
3235,"Làm quen chịu khó đi em, lúc mới vô anh cũng bức xúc, tới giờ năm cuối rồi, đầu óc thanh thản, cuộc sống nhẹ tựa lông hồng, đi làm về mệt thì lười học online, khỏe cũng ko học :))))",
3236,"Năm nhất nên em chia sẻ lên là chuyện bthuong, tầm năm 2 là em im re nghe năm nhất mới trình bày y em :)))",
3237,đi trễ thì xuống sân mang lap xem 2 ngày 1 đêm thôi,
3238,"10 năm rồi của a nó vẫn lag em, đkmh là là 1 trận chiến, em nên tranh thủ 12h đến 2h sáng nhé, mạng tiệm nét.... Copy mã môn học và enter liên tục nhé. Còn chuẩn đầu ra,  khóa luận,  tiểu luận nữa,  đây mới bắt đầu thôi em nhé. Cố lên.",
3239,[NAME] 3h vô nha e,
3240,[NAME] lâu lâu,
3241,"ios đâu phải muốn là có app đâu, cố gắng đk bằng máy tính thôi 🥲🥲",
3242,Tiến Phước ios kêu chi tiền mua chân sàn trong app store là ổn hết :)),
3243,[NAME] ip hút máu =)),
3244,Tự thích nghi đi e:)) chứ học mà theo ý mình thì k phải đời:)),
3246,[NAME]   chia sẻ kìa bạn. Để e nó biết hệ thống hút máu 🤣,
3248,[NAME] chạy đi đâu bây giờ sếp 😢,
3249,[NAME] còn thở còn làm lại đc,
3251,"Mấy e 12 thì đc nghe những lời mật ngọt, vô trường rồi thì nghe những lời như vậy đó :))))",
3252,Trường đã nâng cấp cơ sở vật chất cũng như wifi mỗi phòng học KHU G còn khu F thì (😮‍💨) lúc trc tkb vào nhanh như bay sau khi nâng cấp hệ thống chậm như rùa. [NAME] tập làm quen dần đi 😂,
3253,Trường này nhìu drama qé :)),
3254,Thuỷ Nguyễn Văn ủa Thỷ,
3256,[NAME]  cũng hên là bài này được duyệt =)) tưởng phải ém luôn chớ,
3257,[NAME] còn nhiều điều thú vị đang chờ em :))),
3258,[NAME] còn 3 năm cứ từ từ mà tận hưởng,
3259,"Rất hay cho 1 đàn e vừa lên năm 2 , a thì a cũng như e dị í nhưng mà chỉ có phần đk học phần thôi 🥲🥲",
3260,[NAME] anh hay quá a oi 🌝,
3261,"[NAME] chả hay e , a mà lị",
3262,Tập làm qen đi e còn nhiều điều thú vị lắm( mượn sách thư viên đừng quá hạn nhá..kinh khủng lắm🥲),
3263,Còn nhiều lắm cứ từ từ mà cảm nhận 🤣,
3264,"Thứ nhất: Hệ thống bị lỗi, lag thì tất cả các trường đại học đều bị không riêng gì trường mình.
Thứ hai: Để mà vận hành được 1 cái app trên ISO không chuyện đơn giản và muốn vận hành được thì chi phí nó rất lớn.",
3265,[NAME] ủa vậy trường tăng học phí quá trời đất để làm gì,
3266,[NAME] cái này thì thua🤣🤣,
3267,"Vân Lê thoi nào chị cả, đừng làm e sợ😬",
3268,[NAME] chị có làm gì em đâu mà em sợ🤣🤣,
3269,Mới năm nhất mà em ý tâm sự hơi nhiều 🙄,
3270,Đời nó v trách j đc bn :)))),
3272,"Mở bài lủng củng z
Là sinh viên năm nhất lại còn năm nay lên năm 2 🥲 sao ko nói sv năm 2 ngay từ đầu :vv",
3273,[NAME] đi học trễ còn ý kiến :))),
3275,"Không sao không sao anh đây năm 3 rồi, thông cảm chịu khó thôi em. Cố lên còn 2 năm nữa thôi [NAME] phù hộ con Chúa phù hộ con =))",
3276,Lo mà học qua môn đi ở đó nói nhiều,
3277,[NAME] căng quá dị anh kkk,
3278,[NAME] l mẹ mới năm 2 còn ý vs chả kiến xui xui rớt 2 3 môn sang năm 3 chạy k kịp lúc đó còn thời gian cc ở đó ý kiến với quan điểm riêng,
3279,[NAME] chưa thích nghi mà căng quá dị 😂,
3280,[NAME] l mẹ mấy l nhóc ác năm 2,
3281,[NAME] vậy là bạn này vẫn chưa quen với trường rồi,
3282,[NAME] nó chưa gặp cái cảnh chạy tới chạy lui lo này lo kia rồi 😂😂,
3283,Cách hành văn hơi lủng củng nha Linh Phương,
3284,[NAME] cũng hơi hơi,
3285,"[NAME] , [NAME] giải thích dùm e nó kìa",
3286,Trọng Hoàn chịu b cũng từng bị như em nó🥲,
3288,"đại học mà e ơi, cái j cũng theo ý e thì nó đâu còn là đại học nữa, h đại học chứ đâu còn học sinh cấp 3 này kia nữa.",
3289,[NAME] hay quá anh,
3290,[NAME].Anh Phạm Nguyên chuẩn chưa,
3291,[NAME]  nghe như [NAME] quá he,
3292,May quá thầy là người cho tự lựa chọn: cho về hoặc cho các bạn vẫn vào học luôn nhưng không đc điểm danh vì đi học trể.,
3293,[NAME] hâhhah các bạn nên tin thầy đi 😁😁,
3295,"Nguyen Cuong đúng thầy, đi học phải nghiêm túc, mình học lấy kiến thức, thầy điểm danh hay ko kệ, vẫn ngồi lỳ trong lớp để học lấy kiến thức ạ
....
...
..
.
Rồi meme xin thầy điểm danh lại sau :v :v",
3296,[NAME] cũng xem may mắn k đó,
3297,[NAME] hot cmt luôn thầy kkkk,
3298,[NAME] hót líu lo thì có,
3299,[NAME] thì cũng xuống 1 cửa xin đổi giáo viên dạy thoaiiii,
3300,[NAME] đổi hơi nhiều á,
3301,"Nguyen [NAME] nói vậy là tôi bó tay, tôi chịu, tôi thua🤡",
3302,Nguyen Cuong e vẫn đi học sớm nhất lớp mà thầy k điểm danh e z thầy 😊,
3303,"[NAME] riêng em, em được đặc cách, em nghỉ ở nhà luôn cũng được nhé",
3304,[NAME] em cá biệt quá,
3305,Nguyen [NAME] gặp em thì 1p/5k cho dễ tính thầy ơi kkk,
3306,[NAME] chơi z chắc mai lên gặp [NAME] trưởng nhận QD nha,
3307,Nguyen [NAME] đuổi dạy hả thầy kkk,
3308,"[NAME] đuổi dạy tức là còn có cơ hội làm phòng ban khác, chỉ sợ hơn thế",
3309,Nguyen Cuong cách thầy nhẹ nhàng nhưng kết quả vẫn k thay đổi kkk,
3310,[NAME] đổi [NAME] là chủ yếu ah con,
3311,tuần trc mới học nghe nội quy là hết dám đi muộn r thầy ơi kkk,
3312,"[NAME] nên như vậy, đi học phải đúng giờ nha con",
3313,"[NAME] Đọc kìa , coi ngta phản ánh đk :)))",
3314,[NAME] mình chắc chưa đủ để ios công nhận=))),
3315,Đi khắp các confession của các trường đại học mới nhận ra 1 chân ái: hầu hết các cfs của SV đều chê Trường mình đang học với các lý do y hệt nhau 🤣,
3316,[NAME] thay lời mún nói r,
3317,"Theo nhiều năm kinh nghiệm của a thi em nên chọn thời điểm dki hphan cho đúng để không bị lag hay bị sập. Em nên chọn buổi tối, khuya hoặc đợi các bạn dki xong r em dki. Để không phải gặp những lúc oái oăm như thế :))",
3318,"Lí do :Trường luôn đúng  ,,,thế thôi",
3319,bth em. làm wen với công nghệ đi,
3320,Cái thứ 3 thật ra quy định trễ 15p khỏi vô học luôn em nha. Chẳng qua thầy cô dễ quá gặp thầy cô đúng quy định em lại bảo khó. Việc của em là đi học bớt trễ lại.,
3321,"[NAME] chuyển trường thôi, trải nghiệm đủ rồi",
3322,đọc lại bài cũ được rồi cần gì viết cái mới chi cực vậy,
3323,"Do các thầy cntt đó e, tài nguyên thì nhiều mà làm chả bao nhiêu :))  cái web trường nó to như cái lỗ mũi v , còn tụi e thì gộp lại to hơn cái ông cống nữ thì sao mà e vô đc :))",
3324,[NAME] dồi dào kinh nghiệm,
3325,[NAME] còng lưng rồi vẫn chưa ra trg 🥲,
3326,[NAME] chính em sinh viên năm 6,
3328,[NAME] mình không biết nói gì hơn,
3330,"Ở đây có ai đang năm 6 không ạ, mong là không có ai :))",
3331,[NAME] - [NAME] lên tiếng đi anh Long =)),
3332,[NAME]. Nào bậy m còn 1 năm nữa =)) nói thế ngt đánh giá t,
3333,[NAME] chấp nhận đi trời 🥲 cựu học sinh mà dị,
3334,[NAME]. :)) ờ thì.....,
3335,[NAME] - [NAME] có A,
3336,[NAME] - [NAME] có tui 🥹🥹ad k một mình đâu.,
3337,[NAME] - Confession năm 5 đang nợ 20 môn đây ad,
3338,[NAME] - [NAME] ad k cô đơn :))),
3340,[NAME] bó tay kkkk,
3341,[NAME] tương lai em,
3343,Nhằm nhò gì. Mình đầu năm 3 té xe trể gần 20 môn nè. Ra trường trể 06 tháng. 😅😅😅,
3344,"Em qua nhà anh, anh kèm cho cho ra trường đúng hạn nha",
3345,thôi lỡ r bỏ luôn đi e :)),
3346,[NAME] Nguyen chỉ đàn em kìa,
3347,[NAME] ở lại học cùng em nó cho vui không 😅,
3348,[NAME] xin tha taooo,
3349,[NAME],
3350,Năm thứ 5 chuẩn bị sang năm thứ 6. Vấn đề này phải hỏi văn phòng 1 cửa rồi,
3351,Thinh Cao a này học 5 năm rồi nè,
3352,[NAME] tư vấn giúp thằng em kìa a,
3353,Nguyen Le Tuan Anh a học thạc sĩ chứ đâu phải rớt môn,
3355,Yên tâm :))) a học năm nay năm thứ 9 rồi,
3357,"[NAME] hâhhaha. 12 môn mà lo ghê, cái 1 bà ha.",
3358,Duy Ben một kì xong hết,
3359,Học đến năm 6 để rớt 24 môn à 😐,
3360,Cố gắng lên e không ai cứu đc em đâu 🙂,
3361,"Chơi cho lắm vào, sáng ngủ ko muốn dậy đi học :)))",
3363,[NAME] bạn phải không,
3364,Học tới năm 5 là oải quá nghỉ r e,
3365,Mình rớt có 1 môn mà không đăng ký được nên phải năm sau mới tốt nghiệp được đây nè huhuu,
3366,[NAME] kêu thành hãy ra cùng tài cho có cặp thành tài,
3367,[NAME] sao mà rớt đi rớt lại hoài :))) ở lại đúng roi,
3368,"[NAME] sao mà tệ z, thấy ae ở lại khum biết an ủi",
3369,[NAME] cho thành mượn áo đi,
3370,[NAME] pass lại áo tốt nghiệp cho [NAME] đi :))),
3371,[NAME] ta nói nó cay 🥹🥹🥲🥲,
3372,[NAME] chỉ em nó kìa 🤣🤣,
3373,Thôi thì e rút hồ sơ luôn đi cho đc tốt nghiệp sớm =)),
3374,[NAME] 🥲 tôi sắp qua năm 7 đây :))),
3375,[NAME] bữa tưởng xong r :))),
3376,[NAME] mạng đó. Đừng tin :))),
3377,[NAME] :))) có khi lãnh bằng trc tôi đừng có mà lươn lẹo,
3379,[NAME] mùi của t,
3381,"Không sao , ba cái này dễ ấy mà , dễ cạp đất ăn",
3383,[NAME] cho lời khuyên kìa,
3384,[NAME] theo anh thì em nên nghỉ mẹ luôn chứ ở lại lâu thì cơ may 12 môn đó sẽ lên thành 24 môn 🤣,
3385,[NAME] chài aiii bạn m,
3386,Thùy Trang Nguyễn 12 đã là dì kkk,
3387,Không sao đâu. Rồi cũng sẽ qua thôi 😗,
3388,[NAME] cho e đó lời khuyên với,
3389,Ngọcc [NAME] về lấy chồng đi học hành gì nữa 😞,
3390,Mỹ Ngọc ham chơi quá nên khuyên gì ta,
3391,[NAME] khuyên bạn ấy nộp đơn mở lớp và đu theo các lớp nhiệt tình thì 6 năm mới kịp :)))),
3392,Đọc bình luận mà muốn nghĩ học luôn quá .. 🫣,
3393,Năm 5 chào năm 6 tương lai nha 🖖🖖🖖.,
3394,Hồi mình học nửa ngày đi học chiều về đi fuho mà k nợ môn nào 😬,
3395,[NAME] chỉ giáo ngta kè :v,
3396,[NAME] k s đâu e bảo bạn chuẩn bị hành lí dần đi là vừa 🤭,
3399,Huynh Trần em có thg bạn tới năm 7 rồi vẫn chưa ra,
3400,[NAME] yêu thầy thương bạn nhớ trường không chịu ra 😞,
3401,Một cửa sẽ là nơi trả lời chính xác nha em. Hỏi đúng nơi đúng chổ mới có thông tin chính xác nhất. Chúc em may mắn và không bị buộc thôi học vì quá hạn.,
3402,"Nguyen Cuong em bảo lưu đi bộ đội rồi ne thầy , còn chưa lấy bằng 😭😭😭",
3404,[NAME] chưa thấy ngày về thầy ơi 🥺,
3405,[NAME],
3406,"12 môn có bằng 2 kì của tui thôi, học tiếp đi :)))",
3407,[NAME] tự hào lắm hả kkk,
3409,Thằng cu Phạm Ngọc Minh Hoàng nó đang học năm 7 còn chưa muốn ra đây này 😂,
3411,"[NAME] ba đồ yêu này dễ, khó cho ví tiền thôi :)))",
3412,[NAME] khi người nhà giàu nch,
3414,[NAME] bỏ s đc. [NAME] theo tới cùng,
3415,[NAME] tao bỏ rồi m ôi,
3417,[NAME] gì vậy cậu tớ có rớt môn nào đâu,
3418,Học có 4 năm bị ép phải ra trường nên hok béc cảm giác ra sao 🥹,
3419,Th em nghỉ mẹ em đi báo ông bà già vừa thôi,
3420,[NAME]  hướng cho em nó đi,
3421,[NAME] bình tĩnh học xong rồi ra thôi =))),
3422,[NAME] ủa bạn có ra trường hả,
3423,"[NAME] còn 3 môn nè, chưa có ra",
3425,"[NAME] hình như mấy đứa lớp mình thì phải, phòng ở cạnh mk luôn đó e",
3426,[NAME] lạy rồi kkk,
3427,A năm 2 rớt 18 môn . H năm 8 rồi 😀,
3429,[NAME] a Thiện rớt 18 môn mà đủ tiền mua Mec rồi nha e :)),
3430,Duc [NAME] mẹc giấy hả a ;)))),
3431,[NAME] mec 200 nha b :)),
3432,Nợ có môn Tiếng Anh thôi mà nhà trường giữ tới năm thứ 9🫣,
3433,[NAME] thật ko chú m,
3434,"Yên tâm, mình năm 8 vẫn OK nha 😂",
3435,[NAME] anh chỉ v em út nó hư hết trơn,
3436,[NAME] chủ yếu là iu cô mếm bạn thôi em kkk,
3438,[NAME] cho lời khuyên đi 😂,
3439,làm giàu cho trường hả,
3440,chuyện này có thật ư=))) đẳng cấp vậy,
3441,[NAME] nhỏ thôi người ta biết tao bây giờ,
3442,[NAME] biết xạo lòn rồi á,
3443,[NAME] còn tiền mượn 5xị từ từ có trả🙂,
3444,[NAME] còn cái mạng nè lấy hông,
3445,Theo kinh nghiệm 6 năm thì 12 môn đừng có dính tiếng anh chuẩn đầu ra thì còn hy vọng ra sớm.,
3447,Có 1 môn đợi 2 năm ko mở :))) cũng phải học tới năm thứ 6 :)),
3449,Cái thời gian lên viết cfs thì lo học đi em,
3450,[NAME] cũng 5 năm r mà vẫn chưa ra trường thầy 🤣🤣🤣🤣,
3451,Mạnh Đức ủa m chưa ra trường mà ku😂,
3452,[NAME] ai mượn nói đâu cha 😂,
3453,Mạnh Đức thôi chịu khó chỉ lối cho e nó đi chứ giấu làm gì😂😂,
3454,"[NAME] nói em ấy yên tâm, nhà nc bỏ sổ hộ khẩu rồi",
3455,[NAME] ra lơ xe cho a 😂😂,
3456,Thai Anh bao ăn ở bao tắm rửa lau khô bế lên giường,
3457,[NAME] máaaaaaaa,
3458,[NAME] Đức này học sinh chăm hơn mình nữa,
3459,"À mà khoan, bNj là ""nữ"" hay ""năm"" để bitd mà tư vấn 😁",
3460,[NAME] hên quá mới 2 3 môn,
3461,[NAME] mỗi năm 2 3 môn 🙃,
3462,"[NAME] vẫn còn cứu được, không sao không sao",
3463,[NAME] Nghĩa hên quá mình 3 môn :))),
3464,[NAME] vẫn còn cứu được :)))))))))),
3465,[NAME] vẫn con giờ cứu,
3467,[NAME] chắc trốn nguyên năm :))),
3468,[NAME] chắc dị qué 🥲,
3469,[NAME] hay vui lên,
3471,[NAME]  quả nhiên là kinh nghiệm của ra trường sớm,
3472,[NAME]  bạn năm mấy rồi v,
3473,[NAME] mình năm ba hoii ra trường sớm,
3474,"[NAME]  ô , bạn học giỏi quá cho xin ít kinh nghiệm nha",
3475,[NAME] kinh nghiệm là phải nhìu tiền bỏ ra thì qua đc hết hahahaha,
3476,[NAME]  bỏ ra đăng ký học lại hả,
3477,[NAME] người ta bỏ một mình bỏ 2 mới qua kịp,
3478,[NAME] chỉ e nó cách kp học năm 6 ii pro,
3479,[NAME] 1 kỳ 12 môn là ok à e,
3480,"[NAME] móa rớt 12 môn @@!
[NAME] thi đua ai rớt nhiều môn hay j",
3481,[NAME] làm giàu cho trường :)),
3482,[NAME] t rớt một môn m t đăng xuất khỏi trường luôn không học lại. Chứ 12 môn chắc t bỏ sớm hơn nữa 🤣🤣🤣,
3486,:))) 15 môn nè 🥲 thanh niên năm thứ 5 lên tiếng,
3487,Đi bán vé số với c nè em :)),
3488,Học đi em cuối khoá thấy cô sẽ hỗ trợ mn tìm cách. Quan trọng e có muốn k thôi ^*,
3489,Vẫn dùng trò kèm 1-1 hã kaka,
3490,[NAME] để a qua dậy kèm em kkk,
3491,Lệ bí quyết ra trường đúng hạn là gì nào 🤣,
3492,[NAME] bí quyết là kh có bí quyết gì cả😁,
3493,"Quan trọng mỗi năm e đăng ký bù lại mấy môn e rớt để kịp hoàn tất và phải chịu khó đi học nhiều môn hơn các bạn khác cùng khoá
Làm đc hay ko do em thôi
Đầu năm 3 a nợ nhiều mà vẫn kịp ra đúng 4 năm đây kkk cả 1 quá trình",
3494,[NAME] ủa tưởng a nợ ở năm 2 🤣,
3495,[NAME] thì qua năm 3 trả ko chịu nữa,
3496,[NAME] thì cho xin lỗi đi 🤣,
3499,[NAME] chắc là [NAME] mấy bạn này nè cô,
3500,[NAME] hâhhahaha. Cô ơiiii em mới sv năm 5 à😅,
3501,Được dư sức. Đăng ký học lại hết đi em. K có môn học lại thì xin đk học môn tương đương,
3502,"làm gì tới năm 6 em, học cỡ 2 kì nữa là xong hết à, 2 kì World cup :)))",
3503,[NAME] nói gì giờ,
3504,Bá Cường em tính tag anh mà sợ anh buồn :[NAME] ở lại trường lâu làm trùm trường a :V,
3506,"Anh học 7 năm nè em, mà nợ có 3 môn :)))",
3507,Nếu bộ giáo dục ko chọn em thì bộ quốc phòng luôn bên em,
3508,Mình 9 môn rảnh gỡ cùng,
3509,2 đứa mày. Đứa nào hỏi :)) Nguyen Pham [NAME],
3510,Anh [NAME] chắc nhách cân nào hỏi rồi 😔,
3511,Qua năm 6 còn nợ thì trường đuổi thôi k sao 😂,
3512,"Tuỳ nha e chịu khó xem môn học e nợ khi nào mở lớp để canh dki học lại
Nếu mở mà k trùng lịch học hết có thể ra đúng hạn
Mà xu thì phải dời lại ra muộn hơn",
3513,anh năm 5 r nợ 20 môn còn chưa sợ đây,
3514,"Thay vì sợ học 6 năm, không ấy e rút hs đăng ký trường khác tốt nghiệp nhanh hơn",
3515,Hỏi gì đi em. Chị cpi qua năm 7 đây.,
3516,[NAME] đọc cmt nghe chói quá phải cmt,
3517,Như [NAME] thì m chừa cái cmt của taooo gaaaaa,
3519,[NAME] ông nội này 🥲🥲,
3520,[NAME] hả c,
3521,[NAME] [NAME]  m vả mồm mày đi là vừa dồi á,
3522,Như [NAME] m nói nhỏ thôi cái con như nayd 😂😂,
3523,sao tôi lại nhìn thấy được tương lai của mình thế này =))),
3524,[NAME] này m viết đúng k =))?,
3525,[NAME] chắc chắn ko ph t t mới rớt có 6 môn th :))),
3526,Sao lúc đó k cố gắng học để rớt 12 môn rồi giờ than với khóc fen.,
3527,Đang tìm người mở lớp có nhu cầu ib mình,
3528,[NAME]    chia sẻ đi kìa,
3529,Chưa đủ 4 năm là ra đc r,
3530,[NAME] bạn thì đúng mà :)),
3532,A cũng rớt 12 môn nhưng năm 4 🥲,
3534,[NAME]  truyền kinh nghiệm cho em nó ngay.  Để bạn anh chỉ cách cho nè em.  Sinh viên năm 8 vẫn chưa ra trường,
3535,"[NAME] e xin lỗi chứ e k rớt môn nào top đầu nhưng vẫn k ra trường đc , đợi tạo đk ra trường ạ hihi",
3536,Hãy cứ vô tư và lạc lạc lạc,
3537,Trường còn chứa là còn học,
3539,"Mát mẻ , tiện nghi , gái nhiều",
3540,Hồi 2013 2014 thì sạch mát mẻ.gườ k biết s,
3541,[NAME] cừi gì đâu em ưi 😝,
3543,"[NAME] tắm ở ktx nhớ để ý sau lưng
Cẩn thận quái vật 4 chân!!!!",
3544,Mấy ẻm làm mình nhớ trường quá. Ko bit bây giờ thế nào nhỉ. Nhưng 10 năm trước khá ổn. Mình rất thích ktx của trường 😁,
3545,TẹtHồ Mỹ Duyên cho bé xin rì viu kìa,
3546,10 năm trước ngt đồn là tầng 5 có ma 🐧,
3547,Tầng nào cũng có ma đầu đen hết ak,
3548,[NAME] bọn t ở từ 2013 đến 2017 chả thấy cmg :v,
3549,"[NAME] [NAME]
:))) anh phòng bên",
3550,Bạn [NAME] bao giờ đi vệ sinh Công cộng chưa.  ... Cam kết với bạn là Không bao giờ ktx ra NV đc. Trừ khi 6 7 bạn ở Chung và Chung đều như nhau thì giống như ở trọ,
3551,"Ktx trường khá tiện lợi cho việc đi lại
Không gian khá hẹp, giường khá ngắn thường thì bạn m7 là chân sẽ lòi ra khỏi giường, nvs thì tương đối sạch nếu mà dọn vệ sinh thường xuyên, khá là nóng nên trang bị 1 cái quạt nhỏ, chắc 6/10 , còn lại tùy vào bạn cùng phòng :v",
3552,[NAME] truyền kinh nghiệm xương máu cho mấy e hả,
